year_film,year_ceremony,ceremony,category,name,film,win,total_noms,total_wins,imdb_id
1970,1971,43,Best Picture,"Ross Hunter, Producer",Airport,0,,,
1970,1971,43,Best Actress,Carrie Snodgress,Diary of a Mad Housewife,0,,,
1970,1971,43,Best Director,Federico Fellini,Fellini Satyricon,0,,,
1970,1971,43,Best Actor,Jack Nicholson,Five Easy Pieces,0,,,
1970,1971,43,Best Picture,"Bob Rafelson and Richard Wechsler, Producers",Five Easy Pieces,0,,,
1970,1971,43,Best Actor,Melvyn Douglas,I Never Sang for My Father,0,,,
1970,1971,43,Best Actor,Ryan O'Neal,Love Story,0,,,
1970,1971,43,Best Actress,Ali MacGraw,Love Story,0,,,
1970,1971,43,Best Director,Arthur Hiller,Love Story,0,,,
1970,1971,43,Best Picture,"Howard G. Minsky, Producer",Love Story,0,,,
1970,1971,43,Best Director,Robert Altman,M*A*S*H,0,,,
1970,1971,43,Best Picture,"Ingo Preminger, Producer",M*A*S*H,0,,,
1970,1971,43,Best Actor,George C. Scott,Patton,1,,,
1970,1971,43,Best Director,Franklin J. Schaffner,Patton,1,,,
1970,1971,43,Best Picture,"Frank McCarthy, Producer",Patton,1,,,
1970,1971,43,Best Actress,Sarah Miles,Ryan's Daughter,0,,,
1970,1971,43,Best Actor,James Earl Jones,The Great White Hope,0,,,
1970,1971,43,Best Actress,Jane Alexander,The Great White Hope,0,,,
1970,1971,43,Best Actress,Glenda Jackson,Women in Love,1,,,
1970,1971,43,Best Director,Ken Russell,Women in Love,0,,,
1971,1972,44,Best Director,Stanley Kubrick,A Clockwork Orange,0,,,
1971,1972,44,Best Picture,"Stanley Kubrick, Producer",A Clockwork Orange,0,,,
1971,1972,44,Best Actor,Topol,Fiddler on the Roof,0,,,
1971,1972,44,Best Director,Norman Jewison,Fiddler on the Roof,0,,,
1971,1972,44,Best Picture,"Norman Jewison, Producer",Fiddler on the Roof,0,,,
1971,1972,44,Best Actress,Jane Fonda,Klute,1,,,
1971,1972,44,Best Actor,Walter Matthau,Kotch,0,,,
1971,1972,44,Best Actress,Vanessa Redgrave,"Mary, Queen of Scots",0,,,
1971,1972,44,Best Actress,Julie Christie,McCabe & Mrs. Miller,0,,,
1971,1972,44,Best Actress,Janet Suzman,Nicholas and Alexandra,0,,,
1971,1972,44,Best Picture,"Sam Spiegel, Producer",Nicholas and Alexandra,0,,,
1971,1972,44,Best Actor,Peter Finch,Sunday Bloody Sunday,0,,,
1971,1972,44,Best Actress,Glenda Jackson,Sunday Bloody Sunday,0,,,
1971,1972,44,Best Director,John Schlesinger,Sunday Bloody Sunday,0,,,
1971,1972,44,Best Actor,Gene Hackman,The French Connection,1,,,
1971,1972,44,Best Director,William Friedkin,The French Connection,1,,,
1971,1972,44,Best Picture,"Philip D'Antoni, Producer",The French Connection,1,,,
1971,1972,44,Best Actor,George C. Scott,The Hospital,0,,,
1971,1972,44,Best Director,Peter Bogdanovich,The Last Picture Show,0,,,
1971,1972,44,Best Picture,"Stephen J. Friedman, Producer",The Last Picture Show,0,,,
1972,1973,45,Best Actress,Liza Minnelli,Cabaret,1,,,
1972,1973,45,Best Director,Bob Fosse,Cabaret,1,,,
1972,1973,45,Best Picture,"Cy Feuer, Producer",Cabaret,0,,,
1972,1973,45,Best Director,John Boorman,Deliverance,0,,,
1972,1973,45,Best Picture,"John Boorman, Producer",Deliverance,0,,,
1972,1973,45,Best Actress,Diana Ross,Lady Sings the Blues,0,,,
1972,1973,45,Best Actor,Michael Caine,Sleuth,0,,,
1972,1973,45,Best Actor,Laurence Olivier,Sleuth,0,,,
1972,1973,45,Best Director,Joseph L. Mankiewicz,Sleuth,0,,,
1972,1973,45,Best Actor,Paul Winfield,Sounder,0,,,
1972,1973,45,Best Actress,Cicely Tyson,Sounder,0,,,
1972,1973,45,Best Picture,"Robert B. Radnitz, Producer",Sounder,0,,,
1972,1973,45,Best Actress,Liv Ullmann,The Emigrants,0,,,
1972,1973,45,Best Director,Jan Troell,The Emigrants,0,,,
1972,1973,45,Best Picture,"Bengt Forslund, Producer",The Emigrants,0,,,
1972,1973,45,Best Actor,Marlon Brando,The Godfather,1,,,
1972,1973,45,Best Director,Francis Ford Coppola,The Godfather,0,,,
1972,1973,45,Best Picture,"Albert S. Ruddy, Producer",The Godfather,1,,,
1972,1973,45,Best Actor,Peter O'Toole,The Ruling Class,0,,,
1972,1973,45,Best Actress,Maggie Smith,Travels with My Aunt,0,,,
1973,1974,46,Best Actress,Glenda Jackson,A Touch of Class,1,,,
1973,1974,46,Best Picture,"Melvin Frank, Producer",A Touch of Class,0,,,
1973,1974,46,Best Director,George Lucas,American Graffiti,0,,,
1973,1974,46,Best Picture,"Francis Ford Coppola, Producer;  Gary Kurtz, Co-Producer",American Graffiti,0,,,
1973,1974,46,Best Actress,Marsha Mason,Cinderella Liberty,0,,,
1973,1974,46,Best Director,Ingmar Bergman,Cries and Whispers,0,,,
1973,1974,46,Best Picture,"Ingmar Bergman, Producer",Cries and Whispers,0,,,
1973,1974,46,Best Actor,Marlon Brando,Last Tango in Paris,0,,,
1973,1974,46,Best Director,Bernardo Bertolucci,Last Tango in Paris,0,,,
1973,1974,46,Best Actor,Jack Lemmon,Save the Tiger,1,,,
1973,1974,46,Best Actor,Al Pacino,Serpico,0,,,
1973,1974,46,Best Actress,Joanne Woodward,"Summer Wishes, Winter Dreams",0,,,
1973,1974,46,Best Actress,Ellen Burstyn,The Exorcist,0,,,
1973,1974,46,Best Director,William Friedkin,The Exorcist,0,,,
1973,1974,46,Best Picture,"William Peter Blatty, Producer",The Exorcist,0,,,
1973,1974,46,Best Actor,Jack Nicholson,The Last Detail,0,,,
1973,1974,46,Best Actor,Robert Redford,The Sting,0,,,
1973,1974,46,Best Director,George Roy Hill,The Sting,1,,,
1973,1974,46,Best Picture,"Tony Bill, Michael Phillips and Julia Phillips, Producers",The Sting,1,,,
1973,1974,46,Best Actress,Barbra Streisand,The Way We Were,0,,,
1974,1975,47,Best Actress,Gena Rowlands,A Woman under the Influence,0,,,
1974,1975,47,Best Director,John Cassavetes,A Woman under the Influence,0,,,
1974,1975,47,Best Actress,Ellen Burstyn,Alice Doesn't Live Here Anymore,1,,,
1974,1975,47,Best Actor,Jack Nicholson,Chinatown,0,,,
1974,1975,47,Best Actress,Faye Dunaway,Chinatown,0,,,
1974,1975,47,Best Director,Roman Polanski,Chinatown,0,,,
1974,1975,47,Best Picture,"Robert Evans, Producer",Chinatown,0,,,
1974,1975,47,Best Actress,Diahann Carroll,Claudine,0,,,
1974,1975,47,Best Director,Francois Truffaut,Day for Night,0,,,
1974,1975,47,Best Actor,Art Carney,Harry and Tonto,1,,,
1974,1975,47,Best Actor,Dustin Hoffman,Lenny,0,,,
1974,1975,47,Best Actress,Valerie Perrine,Lenny,0,,,
1974,1975,47,Best Director,Bob Fosse,Lenny,0,,,
1974,1975,47,Best Picture,"Marvin Worth, Producer",Lenny,0,,,
1974,1975,47,Best Actor,Albert Finney,Murder on the Orient Express,0,,,
1974,1975,47,Best Picture,"Francis Ford Coppola, Producer;  Fred Roos, Co-Producer",The Conversation,0,,,
1974,1975,47,Best Actor,Al Pacino,The Godfather Part II,0,,,
1974,1975,47,Best Director,Francis Ford Coppola,The Godfather Part II,1,,,
1974,1975,47,Best Picture,"Francis Ford Coppola, Producer;  Gray Frederickson and Fred Roos, Co-Producers",The Godfather Part II,1,,,
1974,1975,47,Best Picture,"Irwin Allen, Producer",The Towering Inferno,0,,,
1975,1976,48,Best Director,Federico Fellini,Amarcord,0,,,
1975,1976,48,Best Director,Stanley Kubrick,Barry Lyndon,0,,,
1975,1976,48,Best Picture,"Stanley Kubrick, Producer",Barry Lyndon,0,,,
1975,1976,48,Best Actor,Al Pacino,Dog Day Afternoon,0,,,
1975,1976,48,Best Director,Sidney Lumet,Dog Day Afternoon,0,,,
1975,1976,48,Best Picture,"Martin Bregman and Martin Elfand, Producers",Dog Day Afternoon,0,,,
1975,1976,48,Best Actor,James Whitmore,"Give 'em Hell, Harry!",0,,,
1975,1976,48,Best Actress,Glenda Jackson,Hedda,0,,,
1975,1976,48,Best Actress,Carol Kane,Hester Street,0,,,
1975,1976,48,Best Picture,"Richard D. Zanuck and David Brown, Producers",Jaws,0,,,
1975,1976,48,Best Director,Robert Altman,Nashville,0,,,
1975,1976,48,Best Picture,"Robert Altman, Producer",Nashville,0,,,
1975,1976,48,Best Actor,Jack Nicholson,One Flew over the Cuckoo's Nest,1,,,
1975,1976,48,Best Actress,Louise Fletcher,One Flew over the Cuckoo's Nest,1,,,
1975,1976,48,Best Director,Milos Forman,One Flew over the Cuckoo's Nest,1,,,
1975,1976,48,Best Picture,"Saul Zaentz and Michael Douglas, Producers",One Flew over the Cuckoo's Nest,1,,,
1975,1976,48,Best Actor,Maximilian Schell,The Man in the Glass Booth,0,,,
1975,1976,48,Best Actress,Isabelle Adjani,The Story of Adele H.,0,,,
1975,1976,48,Best Actor,Walter Matthau,The Sunshine Boys,0,,,
1975,1976,48,Best Actress,Ann-Margret,Tommy,0,,,
1976,1977,49,Best Director,Alan J. Pakula,All the President's Men,0,,,
1976,1977,49,Best Picture,"Walter Coblenz, Producer",All the President's Men,0,,,
1976,1977,49,Best Picture,"Robert F. Blumofe and Harold Leventhal, Producers",Bound for Glory,0,,,
1976,1977,49,Best Actress,Sissy Spacek,Carrie,0,,,
1976,1977,49,Best Actress,Marie-Christine Barrault,"Cousin, Cousine",0,,,
1976,1977,49,Best Actress,Liv Ullmann,Face to Face,0,,,
1976,1977,49,Best Director,Ingmar Bergman,Face to Face,0,,,
1976,1977,49,Best Actor,Peter Finch,Network,1,,,
1976,1977,49,Best Actor,William Holden,Network,0,,,
1976,1977,49,Best Actress,Faye Dunaway,Network,1,,,
1976,1977,49,Best Director,Sidney Lumet,Network,0,,,
1976,1977,49,Best Picture,"Howard Gottfried, Producer",Network,0,,,
1976,1977,49,Best Actor,Sylvester Stallone,Rocky,0,,,
1976,1977,49,Best Actress,Talia Shire,Rocky,0,,,
1976,1977,49,Best Director,John G. Avildsen,Rocky,1,,,
1976,1977,49,Best Picture,"Irwin Winkler and Robert Chartoff, Producers",Rocky,1,,,
1976,1977,49,Best Actor,Giancarlo Giannini,Seven Beauties,0,,,
1976,1977,49,Best Director,Lina WertmÃ¼ller,Seven Beauties,0,,,
1976,1977,49,Best Actor,Robert De Niro,Taxi Driver,0,,,
1976,1977,49,Best Picture,"Michael Phillips and Julia Phillips, Producers",Taxi Driver,0,,,
1977,1978,50,Best Actor,Marcello Mastroianni,A Special Day,0,,,
1977,1978,50,Best Actor,Woody Allen,Annie Hall,0,,,
1977,1978,50,Best Actress,Diane Keaton,Annie Hall,1,,,
1977,1978,50,Best Director,Woody Allen,Annie Hall,1,,,
1977,1978,50,Best Picture,"Charles H. Joffe, Producer",Annie Hall,1,,,
1977,1978,50,Best Director,Steven Spielberg,Close Encounters of the Third Kind,0,,,
1977,1978,50,Best Actor,Richard Burton,Equus,0,,,
1977,1978,50,Best Actress,Jane Fonda,Julia,0,,,
1977,1978,50,Best Director,Fred Zinnemann,Julia,0,,,
1977,1978,50,Best Picture,"Richard Roth, Producer",Julia,0,,,
1977,1978,50,Best Actor,John Travolta,Saturday Night Fever,0,,,
1977,1978,50,Best Director,George Lucas,Star Wars,0,,,
1977,1978,50,Best Picture,"Gary Kurtz, Producer",Star Wars,0,,,
1977,1978,50,Best Actor,Richard Dreyfuss,The Goodbye Girl,1,,,
1977,1978,50,Best Actress,Marsha Mason,The Goodbye Girl,0,,,
1977,1978,50,Best Picture,"Ray Stark, Producer",The Goodbye Girl,0,,,
1977,1978,50,Best Actress,Anne Bancroft,The Turning Point,0,,,
1977,1978,50,Best Actress,Shirley MacLaine,The Turning Point,0,,,
1977,1978,50,Best Director,Herbert Ross,The Turning Point,0,,,
1977,1978,50,Best Picture,"Herbert Ross and Arthur Laurents, Producers",The Turning Point,0,,,
1978,1979,51,Best Actress,Jill Clayburgh,An Unmarried Woman,0,,,
1978,1979,51,Best Picture,"Paul Mazursky and Tony Ray, Producers",An Unmarried Woman,0,,,
1978,1979,51,Best Actress,Ingrid Bergman,Autumn Sonata,0,,,
1978,1979,51,Best Actor,Jon Voight,Coming Home,1,,,
1978,1979,51,Best Actress,Jane Fonda,Coming Home,1,,,
1978,1979,51,Best Director,Hal Ashby,Coming Home,0,,,
1978,1979,51,Best Picture,"Jerome Hellman, Producer",Coming Home,0,,,
1978,1979,51,Best Actor,Warren Beatty,Heaven Can Wait,0,,,
1978,1979,51,Best Director,"Warren Beatty, Buck Henry",Heaven Can Wait,0,,,
1978,1979,51,Best Picture,"Warren Beatty, Producer",Heaven Can Wait,0,,,
1978,1979,51,Best Actress,Geraldine Page,Interiors,0,,,
1978,1979,51,Best Director,Woody Allen,Interiors,0,,,
1978,1979,51,Best Director,Alan Parker,Midnight Express,0,,,
1978,1979,51,Best Picture,"Alan Marshall and David Puttnam, Producers",Midnight Express,0,,,
1978,1979,51,Best Actress,Ellen Burstyn,"Same Time, Next Year",0,,,
1978,1979,51,Best Actor,Laurence Olivier,The Boys from Brazil,0,,,
1978,1979,51,Best Actor,Gary Busey,The Buddy Holly Story,0,,,
1978,1979,51,Best Actor,Robert De Niro,The Deer Hunter,0,,,
1978,1979,51,Best Director,Michael Cimino,The Deer Hunter,1,,,
1978,1979,51,Best Picture,"Barry Spikings, Michael Deeley, Michael Cimino and John Peverall, Producers",The Deer Hunter,1,,,
1979,1980,52,Best Actor,Al Pacino,...And Justice for All,0,,,
1979,1980,52,Best Actor,Roy Scheider,All That Jazz,0,,,
1979,1980,52,Best Director,Bob Fosse,All That Jazz,0,,,
1979,1980,52,Best Picture,"Robert Alan Aurthur, Producer",All That Jazz,0,,,
1979,1980,52,Best Director,Francis Coppola,Apocalypse Now,0,,,
1979,1980,52,Best Picture,"Francis Coppola, Producer;  Fred Roos, Gray Frederickson and Tom Sternberg, Co-Producers",Apocalypse Now,0,,,
1979,1980,52,Best Actor,Peter Sellers,Being There,0,,,
1979,1980,52,Best Director,Peter Yates,Breaking Away,0,,,
1979,1980,52,Best Picture,"Peter Yates, Producer",Breaking Away,0,,,
1979,1980,52,Best Actress,Marsha Mason,Chapter Two,0,,,
1979,1980,52,Best Actor,Dustin Hoffman,Kramer vs. Kramer,1,,,
1979,1980,52,Best Director,Robert Benton,Kramer vs. Kramer,1,,,
1979,1980,52,Best Picture,"Stanley R. Jaffe, Producer",Kramer vs. Kramer,1,,,
1979,1980,52,Best Director,Edouard Molinaro,La Cage aux Folles,0,,,
1979,1980,52,Best Actress,Sally Field,Norma Rae,1,,,
1979,1980,52,Best Picture,"Tamara Asseyev and Alex Rose, Producers",Norma Rae,0,,,
1979,1980,52,Best Actress,Jill Clayburgh,Starting Over,0,,,
1979,1980,52,Best Actor,Jack Lemmon,The China Syndrome,0,,,
1979,1980,52,Best Actress,Jane Fonda,The China Syndrome,0,,,
1979,1980,52,Best Actress,Bette Midler,The Rose,0,,,
1980,1981,53,Best Actress,Sissy Spacek,Coal Miner's Daughter,1,,,
1980,1981,53,Best Picture,"Bernard Schwartz, Producer",Coal Miner's Daughter,0,,,
1980,1981,53,Best Actress,Gena Rowlands,Gloria,0,,,
1980,1981,53,Best Actress,Mary Tyler Moore,Ordinary People,0,,,
1980,1981,53,Best Director,Robert Redford,Ordinary People,1,,,
1980,1981,53,Best Picture,"Ronald L. Schwary, Producer",Ordinary People,1,,,
1980,1981,53,Best Actress,Goldie Hawn,Private Benjamin,0,,,
1980,1981,53,Best Actor,Robert De Niro,Raging Bull,1,,,
1980,1981,53,Best Director,Martin Scorsese,Raging Bull,0,,,
1980,1981,53,Best Picture,"Irwin Winkler and Robert Chartoff, Producers",Raging Bull,0,,,
1980,1981,53,Best Actress,Ellen Burstyn,Resurrection,0,,,
1980,1981,53,Best Director,Roman Polanski,Tess,0,,,
1980,1981,53,Best Picture,"Claude Berri, Producer;  Timothy Burrill, Co-Producer",Tess,0,,,
1980,1981,53,Best Actor,John Hurt,The Elephant Man,0,,,
1980,1981,53,Best Director,David Lynch,The Elephant Man,0,,,
1980,1981,53,Best Picture,"Jonathan Sanger, Producer",The Elephant Man,0,,,
1980,1981,53,Best Actor,Robert Duvall,The Great Santini,0,,,
1980,1981,53,Best Actor,Peter O'Toole,The Stunt Man,0,,,
1980,1981,53,Best Director,Richard Rush,The Stunt Man,0,,,
1980,1981,53,Best Actor,Jack Lemmon,Tribute,0,,,
1981,1982,54,Best Actor,Paul Newman,Absence of Malice,0,,,
1981,1982,54,Best Actor,Dudley Moore,Arthur,0,,,
1981,1982,54,Best Actor,Burt Lancaster,Atlantic City,0,,,
1981,1982,54,Best Actress,Susan Sarandon,Atlantic City,0,,,
1981,1982,54,Best Director,Louis Malle,Atlantic City,0,,,
1981,1982,54,Best Picture,"Denis Heroux and John Kemeny, Producers",Atlantic City,0,,,
1981,1982,54,Best Director,Hugh Hudson,Chariots of Fire,0,,,
1981,1982,54,Best Picture,"David Puttnam, Producer",Chariots of Fire,1,,,
1981,1982,54,Best Actor,Henry Fonda,On Golden Pond,1,,,
1981,1982,54,Best Actress,Katharine Hepburn,On Golden Pond,1,,,
1981,1982,54,Best Director,Mark Rydell,On Golden Pond,0,,,
1981,1982,54,Best Picture,"Bruce Gilbert, Producer",On Golden Pond,0,,,
1981,1982,54,Best Actress,Marsha Mason,Only When I Laugh,0,,,
1981,1982,54,Best Director,Steven Spielberg,Raiders of the Lost Ark,0,,,
1981,1982,54,Best Picture,"Frank Marshall, Producer",Raiders of the Lost Ark,0,,,
1981,1982,54,Best Actor,Warren Beatty,Reds,0,,,
1981,1982,54,Best Actress,Diane Keaton,Reds,0,,,
1981,1982,54,Best Director,Warren Beatty,Reds,1,,,
1981,1982,54,Best Picture,"Warren Beatty, Producer",Reds,0,,,
1981,1982,54,Best Actress,Meryl Streep,The French Lieutenant's Woman,0,,,
1982,1983,55,Best Actress,Debra Winger,An Officer and a Gentleman,0,,,
1982,1983,55,Best Director,Wolfgang Petersen,Das Boot,0,,,
1982,1983,55,Best Director,Steven Spielberg,E.T. The Extra-Terrestrial,0,,,
1982,1983,55,Best Picture,"Steven Spielberg and Kathleen Kennedy, Producers",E.T. The Extra-Terrestrial,0,,,
1982,1983,55,Best Actress,Jessica Lange,Frances,0,,,
1982,1983,55,Best Actor,Ben Kingsley,Gandhi,1,,,
1982,1983,55,Best Director,Richard Attenborough,Gandhi,1,,,
1982,1983,55,Best Picture,"Richard Attenborough, Producer",Gandhi,1,,,
1982,1983,55,Best Actor,Jack Lemmon,Missing,0,,,
1982,1983,55,Best Actress,Sissy Spacek,Missing,0,,,
1982,1983,55,Best Picture,"Edward Lewis and Mildred Lewis, Producers",Missing,0,,,
1982,1983,55,Best Actor,Peter O'Toole,My Favorite Year,0,,,
1982,1983,55,Best Actress,Meryl Streep,Sophie's Choice,1,,,
1982,1983,55,Best Actor,Paul Newman,The Verdict,0,,,
1982,1983,55,Best Director,Sidney Lumet,The Verdict,0,,,
1982,1983,55,Best Picture,"Richard D. Zanuck and David Brown, Producers",The Verdict,0,,,
1982,1983,55,Best Actor,Dustin Hoffman,Tootsie,0,,,
1982,1983,55,Best Director,Sydney Pollack,Tootsie,0,,,
1982,1983,55,Best Picture,"Sydney Pollack and Dick Richards, Producers",Tootsie,0,,,
1982,1983,55,Best Actress,Julie Andrews,Victor/Victoria,0,,,
1983,1984,56,Best Actor,Michael Caine,Educating Rita,0,,,
1983,1984,56,Best Actress,Julie Walters,Educating Rita,0,,,
1983,1984,56,Best Director,Ingmar Bergman,Fanny & Alexander,0,,,
1983,1984,56,Best Actor,Tom Conti,"Reuben, Reuben",0,,,
1983,1984,56,Best Actress,Meryl Streep,Silkwood,0,,,
1983,1984,56,Best Director,Mike Nichols,Silkwood,0,,,
1983,1984,56,Best Actor,Robert Duvall,Tender Mercies,1,,,
1983,1984,56,Best Director,Bruce Beresford,Tender Mercies,0,,,
1983,1984,56,Best Picture,"Philip S. Hobel, Producer",Tender Mercies,0,,,
1983,1984,56,Best Actress,Shirley MacLaine,Terms of Endearment,1,,,
1983,1984,56,Best Actress,Debra Winger,Terms of Endearment,0,,,
1983,1984,56,Best Director,James L. Brooks,Terms of Endearment,1,,,
1983,1984,56,Best Picture,"James L. Brooks, Producer",Terms of Endearment,1,,,
1983,1984,56,Best Actress,Jane Alexander,Testament,0,,,
1983,1984,56,Best Picture,"Michael Shamberg, Producer",The Big Chill,0,,,
1983,1984,56,Best Actor,Tom Courtenay,The Dresser,0,,,
1983,1984,56,Best Actor,Albert Finney,The Dresser,0,,,
1983,1984,56,Best Director,Peter Yates,The Dresser,0,,,
1983,1984,56,Best Picture,"Peter Yates, Producer",The Dresser,0,,,
1983,1984,56,Best Picture,"Irwin Winkler and Robert Chartoff, Producers",The Right Stuff,0,,,
1984,1985,57,Best Actress,Judy Davis,A Passage to India,0,,,
1984,1985,57,Best Director,David Lean,A Passage to India,0,,,
1984,1985,57,Best Picture,"John Brabourne and Richard Goodwin, Producers",A Passage to India,0,,,
1984,1985,57,Best Picture,"Norman Jewison, Ronald L. Schwary and Patrick Palmer, Producers",A Soldier's Story,0,,,
1984,1985,57,Best Actor,F. Murray Abraham,Amadeus,1,,,
1984,1985,57,Best Actor,Tom Hulce,Amadeus,0,,,
1984,1985,57,Best Director,Milos Forman,Amadeus,1,,,
1984,1985,57,Best Picture,"Saul Zaentz, Producer",Amadeus,1,,,
1984,1985,57,Best Director,Woody Allen,Broadway Danny Rose,0,,,
1984,1985,57,Best Actress,Jessica Lange,Country,0,,,
1984,1985,57,Best Actress,Sally Field,Places in the Heart,1,,,
1984,1985,57,Best Director,Robert Benton,Places in the Heart,0,,,
1984,1985,57,Best Picture,"Arlene Donovan, Producer",Places in the Heart,0,,,
1984,1985,57,Best Actor,Jeff Bridges,Starman,0,,,
1984,1985,57,Best Actress,Vanessa Redgrave,The Bostonians,0,,,
1984,1985,57,Best Actor,Sam Waterston,The Killing Fields,0,,,
1984,1985,57,Best Director,Roland JoffÃ©,The Killing Fields,0,,,
1984,1985,57,Best Picture,"David Puttnam, Producer",The Killing Fields,0,,,
1984,1985,57,Best Actress,Sissy Spacek,The River,0,,,
1984,1985,57,Best Actor,Albert Finney,Under the Volcano,0,,,
1985,1986,58,Best Actress,Anne Bancroft,Agnes of God,0,,,
1985,1986,58,Best Actor,William Hurt,Kiss of the Spider Woman,1,,,
1985,1986,58,Best Director,Hector Babenco,Kiss of the Spider Woman,0,,,
1985,1986,58,Best Picture,"David Weisman, Producer",Kiss of the Spider Woman,0,,,
1985,1986,58,Best Actor,James Garner,Murphy's Romance,0,,,
1985,1986,58,Best Actress,Meryl Streep,Out of Africa,0,,,
1985,1986,58,Best Director,Sydney Pollack,Out of Africa,1,,,
1985,1986,58,Best Picture,"Sydney Pollack, Producer",Out of Africa,1,,,
1985,1986,58,Best Actor,Jack Nicholson,Prizzi's Honor,0,,,
1985,1986,58,Best Director,John Huston,Prizzi's Honor,0,,,
1985,1986,58,Best Picture,"John Foreman, Producer",Prizzi's Honor,0,,,
1985,1986,58,Best Director,Akira Kurosawa,Ran,0,,,
1985,1986,58,Best Actor,Jon Voight,Runaway Train,0,,,
1985,1986,58,Best Actress,Jessica Lange,Sweet Dreams,0,,,
1985,1986,58,Best Actress,Whoopi Goldberg,The Color Purple,0,,,
1985,1986,58,Best Picture,"Steven Spielberg, Kathleen Kennedy, Frank Marshall and Quincy Jones, Producers",The Color Purple,0,,,
1985,1986,58,Best Actress,Geraldine Page,The Trip to Bountiful,1,,,
1985,1986,58,Best Actor,Harrison Ford,Witness,0,,,
1985,1986,58,Best Director,Peter Weir,Witness,0,,,
1985,1986,58,Best Picture,"Edward S. Feldman, Producer",Witness,0,,,
1986,1987,59,Best Director,James Ivory,A Room with a View,0,,,
1986,1987,59,Best Picture,"Ismail Merchant, Producer",A Room with a View,0,,,
1986,1987,59,Best Actress,Sigourney Weaver,Aliens,0,,,
1986,1987,59,Best Director,David Lynch,Blue Velvet,0,,,
1986,1987,59,Best Actor,William Hurt,Children of a Lesser God,0,,,
1986,1987,59,Best Actress,Marlee Matlin,Children of a Lesser God,1,,,
1986,1987,59,Best Picture,"Burt Sugarman and Patrick Palmer, Producers",Children of a Lesser God,0,,,
1986,1987,59,Best Actress,Sissy Spacek,Crimes of the Heart,0,,,
1986,1987,59,Best Director,Woody Allen,Hannah and Her Sisters,0,,,
1986,1987,59,Best Picture,"Robert Greenhut, Producer",Hannah and Her Sisters,0,,,
1986,1987,59,Best Actor,Bob Hoskins,Mona Lisa,0,,,
1986,1987,59,Best Actress,Kathleen Turner,Peggy Sue Got Married,0,,,
1986,1987,59,Best Director,Oliver Stone,Platoon,1,,,
1986,1987,59,Best Picture,"Arnold Kopelson, Producer",Platoon,1,,,
1986,1987,59,Best Actor,Dexter Gordon,Round Midnight,0,,,
1986,1987,59,Best Actor,James Woods,Salvador,0,,,
1986,1987,59,Best Actor,Paul Newman,The Color of Money,1,,,
1986,1987,59,Best Director,Roland JoffÃ©,The Mission,0,,,
1986,1987,59,Best Picture,"Fernando Ghia and David Puttnam, Producers",The Mission,0,,,
1986,1987,59,Best Actress,Jane Fonda,The Morning After,0,,,
1987,1988,60,Best Actress,Sally Kirkland,Anna,0,,,
1987,1988,60,Best Actor,William Hurt,Broadcast News,0,,,
1987,1988,60,Best Actress,Holly Hunter,Broadcast News,0,,,
1987,1988,60,Best Picture,"James L. Brooks, Producer",Broadcast News,0,,,
1987,1988,60,Best Actor,Marcello Mastroianni,Dark Eyes,0,,,
1987,1988,60,Best Actress,Glenn Close,Fatal Attraction,0,,,
1987,1988,60,Best Director,Adrian Lyne,Fatal Attraction,0,,,
1987,1988,60,Best Picture,"Stanley R. Jaffe and Sherry Lansing, Producers",Fatal Attraction,0,,,
1987,1988,60,Best Actor,Robin Williams,"Good Morning, Vietnam",0,,,
1987,1988,60,Best Director,John Boorman,Hope and Glory,0,,,
1987,1988,60,Best Picture,"John Boorman, Producer",Hope and Glory,0,,,
1987,1988,60,Best Actor,Jack Nicholson,Ironweed,0,,,
1987,1988,60,Best Actress,Meryl Streep,Ironweed,0,,,
1987,1988,60,Best Actress,Cher,Moonstruck,1,,,
1987,1988,60,Best Director,Norman Jewison,Moonstruck,0,,,
1987,1988,60,Best Picture,"Patrick Palmer and Norman Jewison, Producers",Moonstruck,0,,,
1987,1988,60,Best Director,Lasse HallstrÃ¶m,My Life as a Dog,0,,,
1987,1988,60,Best Director,Bernardo Bertolucci,The Last Emperor,1,,,
1987,1988,60,Best Picture,"Jeremy Thomas, Producer",The Last Emperor,1,,,
1987,1988,60,Best Actor,Michael Douglas,Wall Street,1,,,
1988,1989,61,Best Actress,Meryl Streep,A Cry in the Dark,0,,,
1988,1989,61,Best Director,Charles Crichton,A Fish Called Wanda,0,,,
1988,1989,61,Best Actor,Tom Hanks,Big,0,,,
1988,1989,61,Best Actress,Glenn Close,Dangerous Liaisons,0,,,
1988,1989,61,Best Picture,"Norma Heyman and Hank Moonjean, Producers",Dangerous Liaisons,0,,,
1988,1989,61,Best Actress,Sigourney Weaver,Gorillas in the Mist,0,,,
1988,1989,61,Best Actor,Gene Hackman,Mississippi Burning,0,,,
1988,1989,61,Best Director,Alan Parker,Mississippi Burning,0,,,
1988,1989,61,Best Picture,"Frederick Zollo and Robert F. Colesberry, Producers",Mississippi Burning,0,,,
1988,1989,61,Best Actor,Max von Sydow,Pelle the Conqueror,0,,,
1988,1989,61,Best Actor,Dustin Hoffman,Rain Man,1,,,
1988,1989,61,Best Director,Barry Levinson,Rain Man,1,,,
1988,1989,61,Best Picture,"Mark Johnson, Producer",Rain Man,1,,,
1988,1989,61,Best Actor,Edward James Olmos,Stand and Deliver,0,,,
1988,1989,61,Best Picture,"Lawrence Kasdan, Charles Okun and Michael Grillo, Producers",The Accidental Tourist,0,,,
1988,1989,61,Best Actress,Jodie Foster,The Accused,1,,,
1988,1989,61,Best Director,Martin Scorsese,The Last Temptation of Christ,0,,,
1988,1989,61,Best Actress,Melanie Griffith,Working Girl,0,,,
1988,1989,61,Best Director,Mike Nichols,Working Girl,0,,,
1988,1989,61,Best Picture,"Douglas Wick, Producer",Working Girl,0,,,
1989,1990,62,Best Actor,Tom Cruise,Born on the Fourth of July,0,,,
1989,1990,62,Best Director,Oliver Stone,Born on the Fourth of July,1,,,
1989,1990,62,Best Picture,"A. Kitman Ho and Oliver Stone, Producers",Born on the Fourth of July,0,,,
1989,1990,62,Best Actress,Isabelle Adjani,Camille Claudel,0,,,
1989,1990,62,Best Director,Woody Allen,Crimes and Misdemeanors,0,,,
1989,1990,62,Best Actor,Robin Williams,Dead Poets Society,0,,,
1989,1990,62,Best Director,Peter Weir,Dead Poets Society,0,,,
1989,1990,62,Best Picture,"Steven Haft, Paul Junger Witt and Tony Thomas, Producers",Dead Poets Society,0,,,
1989,1990,62,Best Actor,Morgan Freeman,Driving Miss Daisy,0,,,
1989,1990,62,Best Actress,Jessica Tandy,Driving Miss Daisy,1,,,
1989,1990,62,Best Picture,"Richard D. Zanuck and Lili Fini Zanuck, Producers",Driving Miss Daisy,1,,,
1989,1990,62,Best Picture,"Lawrence Gordon and Charles Gordon, Producers",Field of Dreams,0,,,
1989,1990,62,Best Actor,Kenneth Branagh,Henry V,0,,,
1989,1990,62,Best Director,Kenneth Branagh,Henry V,0,,,
1989,1990,62,Best Actress,Jessica Lange,Music Box,0,,,
1989,1990,62,Best Actor,Daniel Day Lewis,My Left Foot,1,,,
1989,1990,62,Best Director,Jim Sheridan,My Left Foot,0,,,
1989,1990,62,Best Picture,"Noel Pearson, Producer",My Left Foot,0,,,
1989,1990,62,Best Actress,Pauline Collins,Shirley Valentine,0,,,
1989,1990,62,Best Actress,Michelle Pfeiffer,The Fabulous Baker Boys,0,,,
1990,1991,63,Best Actor,Robert De Niro,Awakenings,0,,,
1990,1991,63,Best Picture,"Walter F. Parkes and Lawrence Lasker, Producers",Awakenings,0,,,
1990,1991,63,Best Actor,Gerard Depardieu,Cyrano de Bergerac,0,,,
1990,1991,63,Best Actor,Kevin Costner,Dances With Wolves,0,,,
1990,1991,63,Best Director,Kevin Costner,Dances With Wolves,1,,,
1990,1991,63,Best Picture,"Jim Wilson and Kevin Costner, Producers",Dances With Wolves,1,,,
1990,1991,63,Best Picture,"Lisa Weinstein, Producer",Ghost,0,,,
1990,1991,63,Best Director,Martin Scorsese,Good Fellas,0,,,
1990,1991,63,Best Picture,"Irwin Winkler, Producer",Good Fellas,0,,,
1990,1991,63,Best Actress,Kathy Bates,Misery,1,,,
1990,1991,63,Best Actress,Joanne Woodward,Mr. & Mrs. Bridge,0,,,
1990,1991,63,Best Actress,Meryl Streep,Postcards from the Edge,0,,,
1990,1991,63,Best Actress,Julia Roberts,Pretty Woman,0,,,
1990,1991,63,Best Actor,Jeremy Irons,Reversal of Fortune,1,,,
1990,1991,63,Best Director,Barbet Schroeder,Reversal of Fortune,0,,,
1990,1991,63,Best Actor,Richard Harris,The Field,0,,,
1990,1991,63,Best Director,Francis Ford Coppola,"The Godfather, Part III",0,,,
1990,1991,63,Best Picture,"Francis Ford Coppola, Producer","The Godfather, Part III",0,,,
1990,1991,63,Best Actress,Anjelica Huston,The Grifters,0,,,
1990,1991,63,Best Director,Stephen Frears,The Grifters,0,,,
1991,1992,64,Best Picture,"Don Hahn, Producer",Beauty and the Beast,0,,,
1991,1992,64,Best Director,John Singleton,Boyz N the Hood,0,,,
1991,1992,64,Best Actor,Warren Beatty,Bugsy,0,,,
1991,1992,64,Best Director,Barry Levinson,Bugsy,0,,,
1991,1992,64,Best Picture,"Mark Johnson, Barry Levinson and Warren Beatty, Producers",Bugsy,0,,,
1991,1992,64,Best Actor,Robert De Niro,Cape Fear,0,,,
1991,1992,64,Best Actress,Bette Midler,For the Boys,0,,,
1991,1992,64,Best Director,Oliver Stone,JFK,0,,,
1991,1992,64,Best Picture,"A. Kitman Ho and Oliver Stone, Producers",JFK,0,,,
1991,1992,64,Best Actress,Laura Dern,Rambling Rose,0,,,
1991,1992,64,Best Actor,Robin Williams,The Fisher King,0,,,
1991,1992,64,Best Actor,Nick Nolte,The Prince of Tides,0,,,
1991,1992,64,Best Picture,"Barbra Streisand and Andrew Karsch, Producers",The Prince of Tides,0,,,
1991,1992,64,Best Actor,Anthony Hopkins,The Silence of the Lambs,1,,,
1991,1992,64,Best Actress,Jodie Foster,The Silence of the Lambs,1,,,
1991,1992,64,Best Director,Jonathan Demme,The Silence of the Lambs,1,,,
1991,1992,64,Best Picture,"Edward Saxon, Kenneth Utt and Ron Bozman, Producers",The Silence of the Lambs,1,,,
1991,1992,64,Best Actress,Geena Davis,Thelma & Louise,0,,,
1991,1992,64,Best Actress,Susan Sarandon,Thelma & Louise,0,,,
1991,1992,64,Best Director,Ridley Scott,Thelma & Louise,0,,,
1992,1993,65,Best Picture,"David Brown, Rob Reiner and Andrew Scheinman, Producers",A Few Good Men,0,,,
1992,1993,65,Best Actor,Robert Downey Jr.,Chaplin,0,,,
1992,1993,65,Best Actress,Emma Thompson,Howards End,1,,,
1992,1993,65,Best Director,James Ivory,Howards End,0,,,
1992,1993,65,Best Picture,"Ismail Merchant, Producer",Howards End,0,,,
1992,1993,65,Best Actress,Catherine Deneuve,Indochine,0,,,
1992,1993,65,Best Actress,Susan Sarandon,Lorenzo's Oil,0,,,
1992,1993,65,Best Actress,Michelle Pfeiffer,Love Field,0,,,
1992,1993,65,Best Actor,Denzel Washington,Malcolm X,0,,,
1992,1993,65,Best Actress,Mary McDonnell,Passion Fish,0,,,
1992,1993,65,Best Actor,Al Pacino,Scent of a Woman,1,,,
1992,1993,65,Best Director,Martin Brest,Scent of a Woman,0,,,
1992,1993,65,Best Picture,"Martin Brest, Producer",Scent of a Woman,0,,,
1992,1993,65,Best Actor,Stephen Rea,The Crying Game,0,,,
1992,1993,65,Best Director,Neil Jordan,The Crying Game,0,,,
1992,1993,65,Best Picture,"Stephen Woolley, Producer",The Crying Game,0,,,
1992,1993,65,Best Director,Robert Altman,The Player,0,,,
1992,1993,65,Best Actor,Clint Eastwood,Unforgiven,0,,,
1992,1993,65,Best Director,Clint Eastwood,Unforgiven,1,,,
1992,1993,65,Best Picture,"Clint Eastwood, Producer",Unforgiven,1,,,
1993,1994,66,Best Actor,Daniel Day-Lewis,In the Name of the Father,0,,,
1993,1994,66,Best Director,Jim Sheridan,In the Name of the Father,0,,,
1993,1994,66,Best Picture,"Jim Sheridan, Producer",In the Name of the Father,0,,,
1993,1994,66,Best Actor,Tom Hanks,Philadelphia,1,,,
1993,1994,66,Best Actor,Liam Neeson,Schindler's List,0,,,
1993,1994,66,Best Director,Steven Spielberg,Schindler's List,1,,,
1993,1994,66,Best Picture,"Steven Spielberg, Gerald R. Molen and Branko Lustig, Producers",Schindler's List,1,,,
1993,1994,66,Best Actress,Debra Winger,Shadowlands,0,,,
1993,1994,66,Best Director,Robert Altman,Short Cuts,0,,,
1993,1994,66,Best Actress,Stockard Channing,Six Degrees of Separation,0,,,
1993,1994,66,Best Picture,"Arnold Kopelson, Producer",The Fugitive,0,,,
1993,1994,66,Best Actress,Holly Hunter,The Piano,1,,,
1993,1994,66,Best Director,Jane Campion,The Piano,0,,,
1993,1994,66,Best Picture,"Jan Chapman, Producer",The Piano,0,,,
1993,1994,66,Best Actor,Anthony Hopkins,The Remains of the Day,0,,,
1993,1994,66,Best Actress,Emma Thompson,The Remains of the Day,0,,,
1993,1994,66,Best Director,James Ivory,The Remains of the Day,0,,,
1993,1994,66,Best Picture,"Mike Nichols, John Calley and Ismail Merchant, Producers",The Remains of the Day,0,,,
1993,1994,66,Best Actor,Laurence Fishburne,What's Love Got to Do with It,0,,,
1993,1994,66,Best Actress,Angela Bassett,What's Love Got to Do with It,0,,,
1994,1995,67,Best Actress,Jessica Lange,Blue Sky,1,,,
1994,1995,67,Best Director,Woody Allen,Bullets over Broadway,0,,,
1994,1995,67,Best Actor,Tom Hanks,Forrest Gump,1,,,
1994,1995,67,Best Director,Robert Zemeckis,Forrest Gump,1,,,
1994,1995,67,Best Picture,"Wendy Finerman, Steve Tisch and Steve Starkey, Producers",Forrest Gump,1,,,
1994,1995,67,Best Picture,"Duncan Kenworthy, Producer",Four Weddings and a Funeral,0,,,
1994,1995,67,Best Actress,Winona Ryder,Little Women,0,,,
1994,1995,67,Best Actress,Jodie Foster,Nell,0,,,
1994,1995,67,Best Actor,Paul Newman,Nobody's Fool,0,,,
1994,1995,67,Best Actor,John Travolta,Pulp Fiction,0,,,
1994,1995,67,Best Director,Quentin Tarantino,Pulp Fiction,0,,,
1994,1995,67,Best Picture,"Lawrence Bender, Producer",Pulp Fiction,0,,,
1994,1995,67,Best Director,Robert Redford,Quiz Show,0,,,
1994,1995,67,Best Picture,"Robert Redford, Michael Jacobs, Julian Krainin and Michael Nozik, Producers",Quiz Show,0,,,
1994,1995,67,Best Director,Krzysztof Kieslowski,Red,0,,,
1994,1995,67,Best Actress,Susan Sarandon,The Client,0,,,
1994,1995,67,Best Actor,Nigel Hawthorne,The Madness of King George,0,,,
1994,1995,67,Best Actor,Morgan Freeman,The Shawshank Redemption,0,,,
1994,1995,67,Best Picture,"Niki Marvin, Producer",The Shawshank Redemption,0,,,
1994,1995,67,Best Actress,Miranda Richardson,Tom & Viv,0,,,
1995,1996,68,Best Picture,"Brian Grazer, Producer",Apollo 13,0,,,
1995,1996,68,Best Director,Chris Noonan,Babe,0,,,
1995,1996,68,Best Picture,"George Miller, Doug Mitchell and Bill Miller, Producers",Babe,0,,,
1995,1996,68,Best Director,Mel Gibson,Braveheart,1,,,
1995,1996,68,Best Picture,"Mel Gibson, Alan Ladd, Jr. and Bruce Davey, Producers",Braveheart,1,,,
1995,1996,68,Best Actress,Sharon Stone,Casino,0,,,
1995,1996,68,Best Actor,Sean Penn,Dead Man Walking,0,,,
1995,1996,68,Best Actress,Susan Sarandon,Dead Man Walking,1,,,
1995,1996,68,Best Director,Tim Robbins,Dead Man Walking,0,,,
1995,1996,68,Best Actor,Nicolas Cage,Leaving Las Vegas,1,,,
1995,1996,68,Best Actress,Elisabeth Shue,Leaving Las Vegas,0,,,
1995,1996,68,Best Director,Mike Figgis,Leaving Las Vegas,0,,,
1995,1996,68,Best Actor,Richard Dreyfuss,Mr. Holland's Opus,0,,,
1995,1996,68,Best Actor,Anthony Hopkins,Nixon,0,,,
1995,1996,68,Best Actress,Emma Thompson,Sense and Sensibility,0,,,
1995,1996,68,Best Picture,"Lindsay Doran, Producer",Sense and Sensibility,0,,,
1995,1996,68,Best Actress,Meryl Streep,The Bridges of Madison County,0,,,
1995,1996,68,Best Actor,Massimo Troisi,The Postman (Il Postino),0,,,
1995,1996,68,Best Director,Michael Radford,The Postman (Il Postino),0,,,
1995,1996,68,Best Picture,"Mario Cecchi Gori, Vittorio Cecchi Gori and Gaetano Daniele, Producers",The Postman (Il Postino),0,,,
1996,1997,69,Best Actress,Emily Watson,Breaking the Waves,0,,,
1996,1997,69,Best Actress,Frances McDormand,Fargo,1,,,
1996,1997,69,Best Director,Joel Coen,Fargo,0,,,
1996,1997,69,Best Picture,"Ethan Coen, Producer",Fargo,0,,,
1996,1997,69,Best Actor,Tom Cruise,Jerry Maguire,0,,,
1996,1997,69,Best Picture,"James L. Brooks, Laurence Mark, Richard Sakai and Cameron Crowe, Producers",Jerry Maguire,0,,,
1996,1997,69,Best Actress,Diane Keaton,Marvin's Room,0,,,
1996,1997,69,Best Actress,Brenda Blethyn,Secrets & Lies,0,,,
1996,1997,69,Best Director,Mike Leigh,Secrets & Lies,0,,,
1996,1997,69,Best Picture,"Simon Channing-Williams, Producer",Secrets & Lies,0,,,
1996,1997,69,Best Actor,Geoffrey Rush,Shine,1,,,
1996,1997,69,Best Director,Scott Hicks,Shine,0,,,
1996,1997,69,Best Picture,"Jane Scott, Producer",Shine,0,,,
1996,1997,69,Best Actor,Billy Bob Thornton,Sling Blade,0,,,
1996,1997,69,Best Actor,Ralph Fiennes,The English Patient,0,,,
1996,1997,69,Best Actress,Kristin Scott Thomas,The English Patient,0,,,
1996,1997,69,Best Director,Anthony Minghella,The English Patient,1,,,
1996,1997,69,Best Picture,"Saul Zaentz, Producer",The English Patient,1,,,
1996,1997,69,Best Actor,Woody Harrelson,The People vs. Larry Flynt,0,,,
1996,1997,69,Best Director,Milos Forman,The People vs. Larry Flynt,0,,,
1997,1998,70,Best Actress,Julie Christie,Afterglow,0,,,
1997,1998,70,Best Actor,Jack Nicholson,As Good as It Gets,1,,,
1997,1998,70,Best Actress,Helen Hunt,As Good as It Gets,1,,,
1997,1998,70,Best Picture,"James L. Brooks, Bridget Johnson and Kristi Zea, Producers",As Good as It Gets,0,,,
1997,1998,70,Best Actor,Matt Damon,Good Will Hunting,0,,,
1997,1998,70,Best Director,Gus Van Sant,Good Will Hunting,0,,,
1997,1998,70,Best Picture,"Lawrence Bender, Producer",Good Will Hunting,0,,,
1997,1998,70,Best Director,Curtis Hanson,L.A. Confidential,0,,,
1997,1998,70,Best Picture,"Arnon Milchan, Curtis Hanson and Michael Nathanson, Producers",L.A. Confidential,0,,,
1997,1998,70,Best Actress,Judi Dench,Mrs. Brown,0,,,
1997,1998,70,Best Actor,Robert Duvall,The Apostle,0,,,
1997,1998,70,Best Director,Peter Cattaneo,The Full Monty,0,,,
1997,1998,70,Best Picture,"Uberto Pasolini, Producer",The Full Monty,0,,,
1997,1998,70,Best Director,Atom Egoyan,The Sweet Hereafter,0,,,
1997,1998,70,Best Actress,Helena Bonham Carter,The Wings of the Dove,0,,,
1997,1998,70,Best Actress,Kate Winslet,Titanic,0,,,
1997,1998,70,Best Director,James Cameron,Titanic,1,,,
1997,1998,70,Best Picture,"James Cameron and Jon Landau, Producers",Titanic,1,,,
1997,1998,70,Best Actor,Peter Fonda,Ulee's Gold,0,,,
1997,1998,70,Best Actor,Dustin Hoffman,Wag the Dog,0,,,
1998,1999,71,Best Actor,Nick Nolte,Affliction,0,,,
1998,1999,71,Best Actor,Edward Norton,American History X,0,,,
1998,1999,71,Best Actress,Fernanda Montenegro,Central Station,0,,,
1998,1999,71,Best Actress,Cate Blanchett,Elizabeth,0,,,
1998,1999,71,Best Picture,"Alison Owen, Eric Fellner and Tim Bevan, Producers",Elizabeth,0,,,
1998,1999,71,Best Actor,Ian McKellen,Gods and Monsters,0,,,
1998,1999,71,Best Actress,Emily Watson,Hilary and Jackie,0,,,
1998,1999,71,Best Actor,Roberto Benigni,Life Is Beautiful,1,,,
1998,1999,71,Best Director,Roberto Benigni,Life Is Beautiful,0,,,
1998,1999,71,Best Picture,"Elda Ferri and Gianluigi Braschi, Producers",Life Is Beautiful,0,,,
1998,1999,71,Best Actress,Meryl Streep,One True Thing,0,,,
1998,1999,71,Best Actor,Tom Hanks,Saving Private Ryan,0,,,
1998,1999,71,Best Director,Steven Spielberg,Saving Private Ryan,1,,,
1998,1999,71,Best Picture,"Steven Spielberg, Ian Bryce, Mark Gordon and Gary Levinsohn, Producers",Saving Private Ryan,0,,,
1998,1999,71,Best Actress,Gwyneth Paltrow,Shakespeare in Love,1,,,
1998,1999,71,Best Director,John Madden,Shakespeare in Love,0,,,
1998,1999,71,Best Picture,"David Parfitt, Donna Gigliotti, Harvey Weinstein, Edward Zwick and Marc Norman, Producers",Shakespeare in Love,1,,,
1998,1999,71,Best Director,Terrence Malick,The Thin Red Line,0,,,
1998,1999,71,Best Picture,"Robert Michael Geisler, John Roberdeau and Grant Hill, Producers",The Thin Red Line,0,,,
1998,1999,71,Best Director,Peter Weir,The Truman Show,0,,,
1999,2000,72,Best Actor,Kevin Spacey,American Beauty,1,,,
1999,2000,72,Best Actress,Annette Bening,American Beauty,0,,,
1999,2000,72,Best Director,Sam Mendes,American Beauty,1,,,
1999,2000,72,Best Picture,"Bruce Cohen and Dan Jinks, Producers",American Beauty,1,,,
1999,2000,72,Best Director,Spike Jonze,Being John Malkovich,0,,,
1999,2000,72,Best Actress,Hilary Swank,Boys Don't Cry,1,,,
1999,2000,72,Best Actress,Meryl Streep,Music of the Heart,0,,,
1999,2000,72,Best Actor,Sean Penn,Sweet and Lowdown,0,,,
1999,2000,72,Best Director,Lasse HallstrÃ¶m,The Cider House Rules,0,,,
1999,2000,72,Best Picture,"Richard N. Gladstein, Producer",The Cider House Rules,0,,,
1999,2000,72,Best Actress,Julianne Moore,The End of the Affair,0,,,
1999,2000,72,Best Picture,"David Valdes and Frank Darabont, Producers",The Green Mile,0,,,
1999,2000,72,Best Actor,Denzel Washington,The Hurricane,0,,,
1999,2000,72,Best Actor,Russell Crowe,The Insider,0,,,
1999,2000,72,Best Director,Michael Mann,The Insider,0,,,
1999,2000,72,Best Picture,"Michael Mann and Pieter Jan Brugge, Producers",The Insider,0,,,
1999,2000,72,Best Director,M. Night Shyamalan,The Sixth Sense,0,,,
1999,2000,72,Best Picture,"Frank Marshall, Kathleen Kennedy and Barry Mendel, Producers",The Sixth Sense,0,,,
1999,2000,72,Best Actor,Richard Farnsworth,The Straight Story,0,,,
1999,2000,72,Best Actress,Janet McTeer,Tumbleweeds,0,,,
2000,2001,73,Best Actor,Javier Bardem,Before Night Falls,0,,,
2000,2001,73,Best Director,Stephen Daldry,Billy Elliot,0,,,
2000,2001,73,Best Actor,Tom Hanks,Cast Away,0,,,
2000,2001,73,Best Actress,Juliette Binoche,Chocolat,0,,,
2000,2001,73,Best Picture,"David Brown, Kit Golden and Leslie Holleran, Producers",Chocolat,0,,,
2000,2001,73,Best Director,Ang Lee,"Crouching Tiger, Hidden Dragon",0,,,
2000,2001,73,Best Picture,"Bill Kong, Hsu Li Kong and Ang Lee, Producers","Crouching Tiger, Hidden Dragon",0,,,
2000,2001,73,Best Actress,Julia Roberts,Erin Brockovich,1,,,
2000,2001,73,Best Director,Steven Soderbergh,Erin Brockovich,0,,,
2000,2001,73,Best Picture,"Danny DeVito, Michael Shamberg and Stacey Sher, Producers",Erin Brockovich,0,,,
2000,2001,73,Best Actor,Russell Crowe,Gladiator,1,,,
2000,2001,73,Best Director,Ridley Scott,Gladiator,0,,,
2000,2001,73,Best Picture,"Douglas Wick, David Franzoni and Branko Lustig, Producers",Gladiator,1,,,
2000,2001,73,Best Actor,Ed Harris,Pollock,0,,,
2000,2001,73,Best Actor,Geoffrey Rush,Quills,0,,,
2000,2001,73,Best Actress,Ellen Burstyn,Requiem for a Dream,0,,,
2000,2001,73,Best Actress,Joan Allen,The Contender,0,,,
2000,2001,73,Best Director,Steven Soderbergh,Traffic,1,,,
2000,2001,73,Best Picture,"Edward Zwick, Marshall Herskovitz and Laura Bickford, Producers",Traffic,0,,,
2000,2001,73,Best Actress,Laura Linney,You Can Count on Me,0,,,
2001,2002,74,Best Actor,Russell Crowe,A Beautiful Mind,0,,,
2001,2002,74,Best Director,Ron Howard,A Beautiful Mind,1,,,
2001,2002,74,Best Picture,"Brian Grazer and Ron Howard, Producers",A Beautiful Mind,1,,,
2001,2002,74,Best Actor,Will Smith,Ali,0,,,
2001,2002,74,Best Director,Ridley Scott,Black Hawk Down,0,,,
2001,2002,74,Best Actress,RenÃ©e Zellweger,Bridget Jones's Diary,0,,,
2001,2002,74,Best Director,Robert Altman,Gosford Park,0,,,
2001,2002,74,Best Picture,"Robert Altman, Bob Balaban and David Levy, Producers",Gosford Park,0,,,
2001,2002,74,Best Actor,Sean Penn,I Am Sam,0,,,
2001,2002,74,Best Actor,Tom Wilkinson,In the Bedroom,0,,,
2001,2002,74,Best Actress,Sissy Spacek,In the Bedroom,0,,,
2001,2002,74,Best Picture,"Graham Leader, Ross Katz and Todd Field, Producers",In the Bedroom,0,,,
2001,2002,74,Best Actress,Judi Dench,Iris,0,,,
2001,2002,74,Best Actress,Halle Berry,Monster's Ball,1,,,
2001,2002,74,Best Actress,Nicole Kidman,Moulin Rouge,0,,,
2001,2002,74,Best Picture,"Martin Brown, Baz Luhrmann and Fred Baron, Producers",Moulin Rouge,0,,,
2001,2002,74,Best Director,David Lynch,Mulholland Drive,0,,,
2001,2002,74,Best Director,Peter Jackson,The Lord of the Rings: The Fellowship of the Ring,0,,,
2001,2002,74,Best Picture,"Peter Jackson, Fran Walsh and Barrie M. Osborne, Producers",The Lord of the Rings: The Fellowship of the Ring,0,,,
2001,2002,74,Best Actor,Denzel Washington,Training Day,1,,,
2002,2003,75,Best Actor,Jack Nicholson,About Schmidt,0,,,
2002,2003,75,Best Actor,Nicolas Cage,Adaptation,0,,,
2002,2003,75,Best Actress,RenÃ©e Zellweger,Chicago,0,,,
2002,2003,75,Best Director,Rob Marshall,Chicago,0,,,
2002,2003,75,Best Picture,"Martin Richards, Producer",Chicago,1,,,
2002,2003,75,Best Actress,Julianne Moore,Far from Heaven,0,,,
2002,2003,75,Best Actress,Salma Hayek,Frida,0,,,
2002,2003,75,Best Actor,Daniel Day-Lewis,Gangs of New York,0,,,
2002,2003,75,Best Director,Martin Scorsese,Gangs of New York,0,,,
2002,2003,75,Best Picture,"Alberto Grimaldi and Harvey Weinstein, Producers",Gangs of New York,0,,,
2002,2003,75,Best Director,Pedro AlmodÃ³var,Talk to Her,0,,,
2002,2003,75,Best Actress,Nicole Kidman,The Hours,1,,,
2002,2003,75,Best Director,Stephen Daldry,The Hours,0,,,
2002,2003,75,Best Picture,"Scott Rudin and Robert Fox, Producers",The Hours,0,,,
2002,2003,75,Best Picture,"Barrie M. Osborne, Fran Walsh and Peter Jackson, Producers",The Lord of the Rings: The Two Towers,0,,,
2002,2003,75,Best Actor,Adrien Brody,The Pianist,1,,,
2002,2003,75,Best Director,Roman Polanski,The Pianist,1,,,
2002,2003,75,Best Picture,"Roman Polanski, Robert Benmussa and Alain Sarde, Producers",The Pianist,0,,,
2002,2003,75,Best Actor,Michael Caine,The Quiet American,0,,,
2002,2003,75,Best Actress,Diane Lane,Unfaithful,0,,,
2003,2004,76,Best Actress,Naomi Watts,21 Grams,0,,,
2003,2004,76,Best Director,Fernando Meirelles,City of God,0,,,
2003,2004,76,Best Actor,Jude Law,Cold Mountain,0,,,
2003,2004,76,Best Actor,Ben Kingsley,House of Sand and Fog,0,,,
2003,2004,76,Best Actress,Samantha Morton,In America,0,,,
2003,2004,76,Best Actor,Bill Murray,Lost in Translation,0,,,
2003,2004,76,Best Director,Sofia Coppola,Lost in Translation,0,,,
2003,2004,76,Best Picture,"Ross Katz and Sofia Coppola, Producers",Lost in Translation,0,,,
2003,2004,76,Best Director,Peter Weir,Master and Commander: The Far Side of the World,0,,,
2003,2004,76,Best Picture,"Samuel Goldwyn, Jr., Peter Weir and Duncan Henderson, Producers",Master and Commander: The Far Side of the World,0,,,
2003,2004,76,Best Actress,Charlize Theron,Monster,1,,,
2003,2004,76,Best Actor,Sean Penn,Mystic River,1,,,
2003,2004,76,Best Director,Clint Eastwood,Mystic River,0,,,
2003,2004,76,Best Picture,"Robert Lorenz, Judie G. Hoyt and Clint Eastwood, Producers",Mystic River,0,,,
2003,2004,76,Best Actor,Johnny Depp,Pirates of the Caribbean: The Curse of the Black Pearl,0,,,
2003,2004,76,Best Picture,"Kathleen Kennedy, Frank Marshall and Gary Ross, Producers",Seabiscuit,0,,,
2003,2004,76,Best Actress,Diane Keaton,Something's Gotta Give,0,,,
2003,2004,76,Best Director,Peter Jackson,The Lord of the Rings: The Return of the King,1,,,
2003,2004,76,Best Picture,"Barrie M. Osborne, Peter Jackson and Fran Walsh, Producers",The Lord of the Rings: The Return of the King,1,,,
2003,2004,76,Best Actress,Keisha Castle-Hughes,Whale Rider,0,,,
2004,2005,77,Best Actress,Annette Bening,Being Julia,0,,,
2004,2005,77,Best Actress,Kate Winslet,Eternal Sunshine of the Spotless Mind,0,,,
2004,2005,77,Best Actor,Johnny Depp,Finding Neverland,0,,,
2004,2005,77,Best Picture,"Richard N. Gladstein and Nellie Bellflower, Producers",Finding Neverland,0,,,
2004,2005,77,Best Actor,Don Cheadle,Hotel Rwanda,0,,,
2004,2005,77,Best Actress,Catalina Sandino Moreno,Maria Full of Grace,0,,,
2004,2005,77,Best Actor,Clint Eastwood,Million Dollar Baby,0,,,
2004,2005,77,Best Actress,Hilary Swank,Million Dollar Baby,1,,,
2004,2005,77,Best Director,Clint Eastwood,Million Dollar Baby,1,,,
2004,2005,77,Best Picture,"Clint Eastwood, Albert S. Ruddy and Tom Rosenberg, Producers",Million Dollar Baby,1,,,
2004,2005,77,Best Actor,Jamie Foxx,Ray,1,,,
2004,2005,77,Best Director,Taylor Hackford,Ray,0,,,
2004,2005,77,Best Picture,"Taylor Hackford, Stuart Benjamin and Howard Baldwin, Producers",Ray,0,,,
2004,2005,77,Best Director,Alexander Payne,Sideways,0,,,
2004,2005,77,Best Picture,"Michael London, Producer",Sideways,0,,,
2004,2005,77,Best Actor,Leonardo DiCaprio,The Aviator,0,,,
2004,2005,77,Best Director,Martin Scorsese,The Aviator,0,,,
2004,2005,77,Best Picture,"Michael Mann and Graham King, Producers",The Aviator,0,,,
2004,2005,77,Best Actress,Imelda Staunton,Vera Drake,0,,,
2004,2005,77,Best Director,Mike Leigh,Vera Drake,0,,,
2005,2006,78,Best Actor,Heath Ledger,Brokeback Mountain,0,,,
2005,2006,78,Best Director,Ang Lee,Brokeback Mountain,1,,,
2005,2006,78,Best Picture,"Diana Ossana and James Schamus, Producers",Brokeback Mountain,0,,,
2005,2006,78,Best Actor,Philip Seymour Hoffman,Capote,1,,,
2005,2006,78,Best Director,Bennett Miller,Capote,0,,,
2005,2006,78,Best Picture,"Caroline Baron, William Vince and Michael Ohoven, Producers",Capote,0,,,
2005,2006,78,Best Director,Paul Haggis,Crash,0,,,
2005,2006,78,Best Picture,"Paul Haggis and Cathy Schulman, Producers",Crash,1,,,
2005,2006,78,Best Actor,David Strathairn,"Good Night, and Good Luck.",0,,,
2005,2006,78,Best Director,George Clooney,"Good Night, and Good Luck.",0,,,
2005,2006,78,Best Picture,"Grant Heslov, Producer","Good Night, and Good Luck.",0,,,
2005,2006,78,Best Actor,Terrence Howard,Hustle & Flow,0,,,
2005,2006,78,Best Actress,Judi Dench,Mrs. Henderson Presents,0,,,
2005,2006,78,Best Director,Steven Spielberg,Munich,0,,,
2005,2006,78,Best Picture,"Kathleen Kennedy, Steven Spielberg and Barry Mendel, Producers",Munich,0,,,
2005,2006,78,Best Actress,Charlize Theron,North Country,0,,,
2005,2006,78,Best Actress,Keira Knightley,Pride & Prejudice,0,,,
2005,2006,78,Best Actress,Felicity Huffman,Transamerica,0,,,
2005,2006,78,Best Actor,Joaquin Phoenix,Walk the Line,0,,,
2005,2006,78,Best Actress,Reese Witherspoon,Walk the Line,1,,,
2006,2007,79,Best Director,Alejandro GonzÃ¡lez IÃ±Ã¡rritu,Babel,0,,,
2006,2007,79,Best Picture,"Alejandro GonzÃ¡lez IÃ±Ã¡rritu, Jon Kilik and Steve Golin, Producers",Babel,0,,,
2006,2007,79,Best Actor,Leonardo DiCaprio,Blood Diamond,0,,,
2006,2007,79,Best Actor,Ryan Gosling,Half Nelson,0,,,
2006,2007,79,Best Director,Clint Eastwood,Letters from Iwo Jima,0,,,
2006,2007,79,Best Picture,"Clint Eastwood, Steven Spielberg and Robert Lorenz, Producers",Letters from Iwo Jima,0,,,
2006,2007,79,Best Actress,Kate Winslet,Little Children,0,,,
2006,2007,79,Best Picture,"David T. Friendly, Peter Saraf and Marc Turtletaub, Producers",Little Miss Sunshine,0,,,
2006,2007,79,Best Actress,Judi Dench,Notes on a Scandal,0,,,
2006,2007,79,Best Director,Martin Scorsese,The Departed,1,,,
2006,2007,79,Best Picture,"Graham King, Producer",The Departed,1,,,
2006,2007,79,Best Actress,Meryl Streep,The Devil Wears Prada,0,,,
2006,2007,79,Best Actor,Forest Whitaker,The Last King of Scotland,1,,,
2006,2007,79,Best Actor,Will Smith,The Pursuit of Happyness,0,,,
2006,2007,79,Best Actress,Helen Mirren,The Queen,1,,,
2006,2007,79,Best Director,Stephen Frears,The Queen,0,,,
2006,2007,79,Best Picture,"Andy Harries, Christine Langan and Tracey Seaward, Producers",The Queen,0,,,
2006,2007,79,Best Director,Paul Greengrass,United 93,0,,,
2006,2007,79,Best Actor,Peter O'Toole,Venus,0,,,
2006,2007,79,Best Actress,PenÃ©lope Cruz,Volver,0,,,
2007,2008,80,Best Picture,"Tim Bevan, Eric Fellner and Paul Webster, Producers",Atonement,0,,,
2007,2008,80,Best Actress,Julie Christie,Away from Her,0,,,
2007,2008,80,Best Actor,Viggo Mortensen,Eastern Promises,0,,,
2007,2008,80,Best Actress,Cate Blanchett,Elizabeth: The Golden Age,0,,,
2007,2008,80,Best Actor,Tommy Lee Jones,In the Valley of Elah,0,,,
2007,2008,80,Best Actress,Ellen Page,Juno,0,,,
2007,2008,80,Best Director,Jason Reitman,Juno,0,,,
2007,2008,80,Best Picture,"Lianne Halfon, Mason Novick and Russell Smith, Producers",Juno,0,,,
2007,2008,80,Best Actress,Marion Cotillard,La Vie en Rose,1,,,
2007,2008,80,Best Actor,George Clooney,Michael Clayton,0,,,
2007,2008,80,Best Director,Tony Gilroy,Michael Clayton,0,,,
2007,2008,80,Best Picture,"Sydney Pollack, Jennifer Fox and Kerry Orent, Producers",Michael Clayton,0,,,
2007,2008,80,Best Director,Joel Coen and Ethan Coen,No Country for Old Men,1,,,
2007,2008,80,Best Picture,"Scott Rudin, Ethan Coen and Joel Coen, Producers",No Country for Old Men,1,,,
2007,2008,80,Best Actor,Johnny Depp,Sweeney Todd The Demon Barber of Fleet Street,0,,,
2007,2008,80,Best Director,Julian Schnabel,The Diving Bell and the Butterfly,0,,,
2007,2008,80,Best Actress,Laura Linney,The Savages,0,,,
2007,2008,80,Best Actor,Daniel Day-Lewis,There Will Be Blood,1,,,
2007,2008,80,Best Director,Paul Thomas Anderson,There Will Be Blood,0,,,
2007,2008,80,Best Picture,"JoAnne Sellar, Paul Thomas Anderson and Daniel Lupi, Producers",There Will Be Blood,0,,,
2008,2009,81,Best Actress,Angelina Jolie,Changeling,0,,,
2008,2009,81,Best Actress,Meryl Streep,Doubt,0,,,
2008,2009,81,Best Actor,Frank Langella,Frost/Nixon,0,,,
2008,2009,81,Best Director,Ron Howard,Frost/Nixon,0,,,
2008,2009,81,Best Picture,"Brian Grazer, Ron Howard and Eric Fellner, Producers",Frost/Nixon,0,,,
2008,2009,81,Best Actress,Melissa Leo,Frozen River,0,,,
2008,2009,81,Best Actor,Sean Penn,Milk,1,,,
2008,2009,81,Best Director,Gus Van Sant,Milk,0,,,
2008,2009,81,Best Picture,"Dan Jinks and Bruce Cohen, Producers",Milk,0,,,
2008,2009,81,Best Actress,Anne Hathaway,Rachel Getting Married,0,,,
2008,2009,81,Best Director,Danny Boyle,Slumdog Millionaire,1,,,
2008,2009,81,Best Picture,"Christian Colson, Producer",Slumdog Millionaire,1,,,
2008,2009,81,Best Actor,Brad Pitt,The Curious Case of Benjamin Button,0,,,
2008,2009,81,Best Director,David Fincher,The Curious Case of Benjamin Button,0,,,
2008,2009,81,Best Picture,"Kathleen Kennedy, Frank Marshall and CeÃ¡n Chaffin, Producers",The Curious Case of Benjamin Button,0,,,
2008,2009,81,Best Actress,Kate Winslet,The Reader,1,,,
2008,2009,81,Best Director,Stephen Daldry,The Reader,0,,,
2008,2009,81,Best Picture,"Anthony Minghella, Sydney Pollack, Donna Gigliotti and Redmond Morris, Producers",The Reader,0,,,
2008,2009,81,Best Actor,Richard Jenkins,The Visitor,0,,,
2008,2009,81,Best Actor,Mickey Rourke,The Wrestler,0,,,
2009,2010,82,Best Picture,"Joel Coen and Ethan Coen, Producers",A Serious Man,0,,,
2009,2010,82,Best Actor,Colin Firth,A Single Man,0,,,
2009,2010,82,Best Actress,Carey Mulligan,An Education,0,,,
2009,2010,82,Best Picture,"Finola Dwyer and Amanda Posey, Producers",An Education,0,,,
2009,2010,82,Best Director,James Cameron,Avatar,0,,,
2009,2010,82,Best Picture,"James Cameron and Jon Landau, Producers",Avatar,0,,,
2009,2010,82,Best Actor,Jeff Bridges,Crazy Heart,1,,,
2009,2010,82,Best Picture,"Peter Jackson and Carolynne Cunningham, Producers",District 9,0,,,
2009,2010,82,Best Director,Quentin Tarantino,Inglourious Basterds,0,,,
2009,2010,82,Best Picture,"Lawrence Bender, Producer",Inglourious Basterds,0,,,
2009,2010,82,Best Actor,Morgan Freeman,Invictus,0,,,
2009,2010,82,Best Actress,Meryl Streep,Julie & Julia,0,,,
2009,2010,82,Best Actress,Gabourey Sidibe,Precious: Based on the Novel 'Push' by Sapphire,0,,,
2009,2010,82,Best Director,Lee Daniels,Precious: Based on the Novel 'Push' by Sapphire,0,,,
2009,2010,82,Best Picture,"Lee Daniels, Sarah Siegel-Magness and Gary Magness, Producers",Precious: Based on the Novel 'Push' by Sapphire,0,,,
2009,2010,82,Best Actress,Sandra Bullock,The Blind Side,1,,,
2009,2010,82,Best Picture,"Gil Netter, Andrew A. Kosove and Broderick Johnson, Producers",The Blind Side,0,,,
2009,2010,82,Best Actor,Jeremy Renner,The Hurt Locker,0,,,
2009,2010,82,Best Director,Kathryn Bigelow,The Hurt Locker,1,,,
2009,2010,82,Best Picture,"Kathryn Bigelow, Mark Boal, Nicolas Chartier and Greg Shapiro, Producers",The Hurt Locker,1,,,
2009,2010,82,Best Actress,Helen Mirren,The Last Station,0,,,
2009,2010,82,Best Picture,"Jonas Rivera, Producer",Up,0,,,
2009,2010,82,Best Actor,George Clooney,Up in the Air,0,,,
2009,2010,82,Best Director,Jason Reitman,Up in the Air,0,,,
2009,2010,82,Best Picture,"Daniel Dubiecki, Ivan Reitman and Jason Reitman, Producers",Up in the Air,0,,,
2010,2011,83,Best Actor,James Franco,127 Hours,0,,,
2010,2011,83,Best Picture,"Christian Colson, Danny Boyle and John Smithson, Producers",127 Hours,0,,,
2010,2011,83,Best Actor,Javier Bardem,Biutiful,0,,,
2010,2011,83,Best Actress,Natalie Portman,Black Swan,1,,,
2010,2011,83,Best Director,Darren Aronofsky,Black Swan,0,,,
2010,2011,83,Best Picture,"Mike Medavoy, Brian Oliver and Scott Franklin, Producers",Black Swan,0,,,
2010,2011,83,Best Actress,Michelle Williams,Blue Valentine,0,,,
2010,2011,83,Best Picture,"Emma Thomas and Christopher Nolan, Producers",Inception,0,,,
2010,2011,83,Best Actress,Nicole Kidman,Rabbit Hole,0,,,
2010,2011,83,Best Director,David O. Russell,The Fighter,0,,,
2010,2011,83,Best Picture,"David Hoberman, Todd Lieberman and Mark Wahlberg, Producers",The Fighter,0,,,
2010,2011,83,Best Actress,Annette Bening,The Kids Are All Right,0,,,
2010,2011,83,Best Picture,"Gary Gilbert, Jeffrey Levy-Hinte and Celine Rattray, Producers",The Kids Are All Right,0,,,
2010,2011,83,Best Actor,Colin Firth,The King's Speech,1,,,
2010,2011,83,Best Director,Tom Hooper,The King's Speech,1,,,
2010,2011,83,Best Picture,"Iain Canning, Emile Sherman and Gareth Unwin, Producers",The King's Speech,1,,,
2010,2011,83,Best Actor,Jesse Eisenberg,The Social Network,0,,,
2010,2011,83,Best Director,David Fincher,The Social Network,0,,,
2010,2011,83,Best Picture,"Scott Rudin, Dana Brunetti, Michael De Luca and CeÃ¡n Chaffin, Producers",The Social Network,0,,,
2010,2011,83,Best Picture,"Darla K. Anderson, Producer",Toy Story 3,0,,,
2010,2011,83,Best Actor,Jeff Bridges,True Grit,0,,,
2010,2011,83,Best Director,Joel Coen and Ethan Coen,True Grit,0,,,
2010,2011,83,Best Picture,"Scott Rudin, Ethan Coen and Joel Coen, Producers",True Grit,0,,,
2010,2011,83,Best Actress,Jennifer Lawrence,Winter's Bone,0,,,
2010,2011,83,Best Picture,"Anne Rosellini and Alix Madigan-Yorkin, Producers",Winter's Bone,0,,,
2011,2012,84,Best Actor,DemiÃ¡n Bichir,A Better Life,0,,,
2011,2012,84,Best Actress,Glenn Close,Albert Nobbs,0,,,
2011,2012,84,Best Picture,"Scott Rudin, Producer",Extremely Loud & Incredibly Close,0,,,
2011,2012,84,Best Director,Martin Scorsese,Hugo,0,,,
2011,2012,84,Best Picture,"Graham King and Martin Scorsese, Producers",Hugo,0,,,
2011,2012,84,Best Director,Woody Allen,Midnight in Paris,0,,,
2011,2012,84,Best Picture,"Letty Aronson and Stephen Tenenbaum, Producers",Midnight in Paris,0,,,
2011,2012,84,Best Actor,Brad Pitt,Moneyball,0,,,
2011,2012,84,Best Picture,"Michael De Luca, Rachael Horovitz and Brad Pitt, Producers",Moneyball,0,,,
2011,2012,84,Best Actress,Michelle Williams,My Week with Marilyn,0,,,
2011,2012,84,Best Actor,Jean Dujardin,The Artist,1,,,
2011,2012,84,Best Director,Michel Hazanavicius,The Artist,1,,,
2011,2012,84,Best Picture,"Thomas Langmann, Producer",The Artist,1,,,
2011,2012,84,Best Actor,George Clooney,The Descendants,0,,,
2011,2012,84,Best Director,Alexander Payne,The Descendants,0,,,
2011,2012,84,Best Picture,"Jim Burke, Alexander Payne and Jim Taylor, Producers",The Descendants,0,,,
2011,2012,84,Best Actress,Rooney Mara,The Girl with the Dragon Tattoo,0,,,
2011,2012,84,Best Actress,Viola Davis,The Help,0,,,
2011,2012,84,Best Picture,"Brunson Green, Chris Columbus and Michael Barnathan, Producers",The Help,0,,,
2011,2012,84,Best Actress,Meryl Streep,The Iron Lady,1,,,
2011,2012,84,Best Director,Terrence Malick,The Tree of Life,0,,,
2011,2012,84,Best Picture,"Sarah Green, Bill Pohlad, Dede Gardner and Grant Hill, Producers",The Tree of Life,0,,,
2011,2012,84,Best Actor,Gary Oldman,Tinker Tailor Soldier Spy,0,,,
2011,2012,84,Best Picture,"Steven Spielberg and Kathleen Kennedy, Producers",War Horse,0,,,
2012,2013,85,Best Actress,Emmanuelle Riva,Amour,0,,,
2012,2013,85,Best Director,Michael Haneke,Amour,0,,,
2012,2013,85,Best Picture,"Margaret Menegoz, Stefan Arndt, Veit Heiduschka and Michael Katz, Producers",Amour,0,,,
2012,2013,85,Best Picture,"Grant Heslov, Ben Affleck and George Clooney, Producers",Argo,1,,,
2012,2013,85,Best Actress,QuvenzhanÃ© Wallis,Beasts of the Southern Wild,0,,,
2012,2013,85,Best Director,Benh Zeitlin,Beasts of the Southern Wild,0,,,
2012,2013,85,Best Picture,"Dan Janvey, Josh Penn and Michael Gottwald, Producers",Beasts of the Southern Wild,0,,,
2012,2013,85,Best Picture,"Stacey Sher, Reginald Hudlin and Pilar Savone, Producers",Django Unchained,0,,,
2012,2013,85,Best Actor,Denzel Washington,Flight,0,,,
2012,2013,85,Best Actor,Hugh Jackman,Les MisÃ©rables,0,,,
2012,2013,85,Best Picture,"Tim Bevan, Eric Fellner, Debra Hayward and Cameron Mackintosh, Producers",Les MisÃ©rables,0,,,
2012,2013,85,Best Director,Ang Lee,Life of Pi,1,,,
2012,2013,85,Best Picture,"Gil Netter, Ang Lee and David Womark, Producers",Life of Pi,0,,,
2012,2013,85,Best Actor,Daniel Day-Lewis,Lincoln,1,,,
2012,2013,85,Best Director,Steven Spielberg,Lincoln,0,,,
2012,2013,85,Best Picture,"Steven Spielberg and Kathleen Kennedy, Producers",Lincoln,0,,,
2012,2013,85,Best Actor,Bradley Cooper,Silver Linings Playbook,0,,,
2012,2013,85,Best Actress,Jennifer Lawrence,Silver Linings Playbook,1,,,
2012,2013,85,Best Director,David O. Russell,Silver Linings Playbook,0,,,
2012,2013,85,Best Picture,"Donna Gigliotti, Bruce Cohen and Jonathan Gordon, Producers",Silver Linings Playbook,0,,,
2012,2013,85,Best Actress,Naomi Watts,The Impossible,0,,,
2012,2013,85,Best Actor,Joaquin Phoenix,The Master,0,,,
2012,2013,85,Best Actress,Jessica Chastain,Zero Dark Thirty,0,,,
2012,2013,85,Best Picture,"Mark Boal, Kathryn Bigelow and Megan Ellison, Producers",Zero Dark Thirty,0,,,
2013,2014,86,Best Actor,Chiwetel Ejiofor,12 Years a Slave,0,,,
2013,2014,86,Best Director,Steve McQueen,12 Years a Slave,0,,,
2013,2014,86,Best Picture,"Brad Pitt, Dede Gardner, Jeremy Kleiner, Steve McQueen and Anthony Katagas, Producers",12 Years a Slave,1,,,
2013,2014,86,Best Actor,Christian Bale,American Hustle,0,,,
2013,2014,86,Best Actress,Amy Adams,American Hustle,0,,,
2013,2014,86,Best Director,David O. Russell,American Hustle,0,,,
2013,2014,86,Best Picture,"Charles Roven, Richard Suckle, Megan Ellison and Jonathan Gordon, Producers",American Hustle,0,,,
2013,2014,86,Best Actress,Meryl Streep,August: Osage County,0,,,
2013,2014,86,Best Actress,Cate Blanchett,Blue Jasmine,1,,,
2013,2014,86,Best Picture,"Scott Rudin, Dana Brunetti and Michael De Luca, Producers",Captain Phillips,0,,,
2013,2014,86,Best Actor,Matthew McConaughey,Dallas Buyers Club,1,,,
2013,2014,86,Best Picture,"Robbie Brenner and Rachel Winter, Producers",Dallas Buyers Club,0,,,
2013,2014,86,Best Actress,Sandra Bullock,Gravity,0,,,
2013,2014,86,Best Director,Alfonso CuarÃ³n,Gravity,1,,,
2013,2014,86,Best Picture,"Alfonso CuarÃ³n and David Heyman, Producers",Gravity,0,,,
2013,2014,86,Best Picture,"Megan Ellison, Spike Jonze and Vincent Landay, Producers",Her,0,,,
2013,2014,86,Best Actor,Bruce Dern,Nebraska,0,,,
2013,2014,86,Best Director,Alexander Payne,Nebraska,0,,,
2013,2014,86,Best Picture,"Albert Berger and Ron Yerxa, Producers",Nebraska,0,,,
2013,2014,86,Best Actress,Judi Dench,Philomena,0,,,
2013,2014,86,Best Picture,"Gabrielle Tana, Steve Coogan and Tracey Seaward, Producers",Philomena,0,,,
2013,2014,86,Best Actor,Leonardo DiCaprio,The Wolf of Wall Street,0,,,
2013,2014,86,Best Director,Martin Scorsese,The Wolf of Wall Street,0,,,
2013,2014,86,Best Picture,"Martin Scorsese, Leonardo DiCaprio, Joey McFarland and Emma Tillinger Koskoff, Producers",The Wolf of Wall Street,0,,,
2014,2015,87,Best Actor,Bradley Cooper,American Sniper,0,,,
2014,2015,87,Best Picture,"Clint Eastwood, Robert Lorenz, Andrew Lazar, Bradley Cooper and Peter Morgan, Producers",American Sniper,0,,,
2014,2015,87,Best Actor,Michael Keaton,Birdman or (The Unexpected Virtue of Ignorance),0,,,
2014,2015,87,Best Director,Alejandro G. IÃ±Ã¡rritu,Birdman or (The Unexpected Virtue of Ignorance),1,,,
2014,2015,87,Best Picture,"Alejandro G. IÃ±Ã¡rritu, John Lesher and James W. Skotchdopole, Producers",Birdman or (The Unexpected Virtue of Ignorance),1,,,
2014,2015,87,Best Director,Richard Linklater,Boyhood,0,,,
2014,2015,87,Best Picture,"Richard Linklater and Cathleen Sutherland, Producers",Boyhood,0,,,
2014,2015,87,Best Actor,Steve Carell,Foxcatcher,0,,,
2014,2015,87,Best Director,Bennett Miller,Foxcatcher,0,,,
2014,2015,87,Best Actress,Rosamund Pike,Gone Girl,0,,,
2014,2015,87,Best Picture,"Christian Colson, Oprah Winfrey, Dede Gardner and Jeremy Kleiner, Producers",Selma,0,,,
2014,2015,87,Best Actress,Julianne Moore,Still Alice,1,,,
2014,2015,87,Best Director,Wes Anderson,The Grand Budapest Hotel,0,,,
2014,2015,87,Best Picture,"Wes Anderson, Scott Rudin, Steven Rales and Jeremy Dawson, Producers",The Grand Budapest Hotel,0,,,
2014,2015,87,Best Actor,Benedict Cumberbatch,The Imitation Game,0,,,
2014,2015,87,Best Director,Morten Tyldum,The Imitation Game,0,,,
2014,2015,87,Best Picture,"Nora Grossman, Ido Ostrowsky and Teddy Schwarzman, Producers",The Imitation Game,0,,,
2014,2015,87,Best Actor,Eddie Redmayne,The Theory of Everything,1,,,
2014,2015,87,Best Actress,Felicity Jones,The Theory of Everything,0,,,
2014,2015,87,Best Picture,"Tim Bevan, Eric Fellner, Lisa Bruce and Anthony McCarten, Producers",The Theory of Everything,0,,,
2014,2015,87,Best Actress,Marion Cotillard,"Two Days, One Night",0,,,
2014,2015,87,Best Picture,"Jason Blum, Helen Estabrook and David Lancaster, Producers",Whiplash,0,,,
2014,2015,87,Best Actress,Reese Witherspoon,Wild,0,,,
2015,2016,88,Best Actress,Charlotte Rampling,45 Years,0,,,
2015,2016,88,Best Picture,"Steven Spielberg, Marc Platt and Kristie Macosko Krieger, Producers",Bridge of Spies,0,,,
2015,2016,88,Best Actress,Saoirse Ronan,Brooklyn,0,,,
2015,2016,88,Best Picture,"Finola Dwyer and Amanda Posey, Producers",Brooklyn,0,,,
2015,2016,88,Best Actress,Cate Blanchett,Carol,0,,,
2015,2016,88,Best Actress,Jennifer Lawrence,Joy,0,,,
2015,2016,88,Best Director,George Miller,Mad Max: Fury Road,0,,,
2015,2016,88,Best Picture,"Doug Mitchell and George Miller, Producers",Mad Max: Fury Road,0,,,
2015,2016,88,Best Actress,Brie Larson,Room,1,,,
2015,2016,88,Best Director,Lenny Abrahamson,Room,0,,,
2015,2016,88,Best Picture,"Ed Guiney, Producer",Room,0,,,
2015,2016,88,Best Director,Tom McCarthy,Spotlight,0,,,
2015,2016,88,Best Picture,"Michael Sugar, Steve Golin, Nicole Rocklin and Blye Pagon Faust, Producers",Spotlight,1,,,
2015,2016,88,Best Actor,Michael Fassbender,Steve Jobs,0,,,
2015,2016,88,Best Director,Adam McKay,The Big Short,0,,,
2015,2016,88,Best Picture,"Brad Pitt, Dede Gardner and Jeremy Kleiner, Producers",The Big Short,0,,,
2015,2016,88,Best Actor,Eddie Redmayne,The Danish Girl,0,,,
2015,2016,88,Best Actor,Matt Damon,The Martian,0,,,
2015,2016,88,Best Picture,"Simon Kinberg, Ridley Scott, Michael Schaefer and Mark Huffam, Producers",The Martian,0,,,
2015,2016,88,Best Actor,Leonardo DiCaprio,The Revenant,1,,,
2015,2016,88,Best Director,Alejandro G. IÃ±Ã¡rritu,The Revenant,1,,,
2015,2016,88,Best Picture,"Arnon Milchan, Steve Golin, Alejandro G. IÃ±Ã¡rritu, Mary Parent and Keith Redmon, Producers",The Revenant,0,,,
2015,2016,88,Best Actor,Bryan Cranston,Trumbo,0,,,
2016,2017,89,Best Director,Denis Villeneuve,Arrival,0,,,
2016,2017,89,Best Picture,"Shawn Levy, Dan Levine, Aaron Ryder and David Linde, Producers",Arrival,0,,,
2016,2017,89,Best Actor,Viggo Mortensen,Captain Fantastic,0,,,
2016,2017,89,Best Actress,Isabelle Huppert,Elle,0,,,
2016,2017,89,Best Actor,Denzel Washington,Fences,0,,,
2016,2017,89,Best Picture,"Scott Rudin, Denzel Washington and Todd Black, Producers",Fences,0,,,
2016,2017,89,Best Actress,Meryl Streep,Florence Foster Jenkins,0,,,
2016,2017,89,Best Actor,Andrew Garfield,Hacksaw Ridge,0,,,
2016,2017,89,Best Director,Mel Gibson,Hacksaw Ridge,0,,,
2016,2017,89,Best Picture,"Bill Mechanic and David Permut, Producers",Hacksaw Ridge,0,,,
2016,2017,89,Best Picture,"Carla Hacken and Julie Yorn, Producers",Hell or High Water,0,,,
2016,2017,89,Best Picture,"Donna Gigliotti, Peter Chernin, Jenno Topping, Pharrell Williams and Theodore Melfi, Producers",Hidden Figures,0,,,
2016,2017,89,Best Actress,Natalie Portman,Jackie,0,,,
2016,2017,89,Best Actor,Ryan Gosling,La La Land,0,,,
2016,2017,89,Best Actress,Emma Stone,La La Land,1,,,
2016,2017,89,Best Director,Damien Chazelle,La La Land,1,,,
2016,2017,89,Best Picture,"Fred Berger, Jordan Horowitz and Marc Platt, Producers",La La Land,0,,,
2016,2017,89,Best Picture,"Emile Sherman, Iain Canning and Angie Fielder, Producers",Lion,0,,,
2016,2017,89,Best Actress,Ruth Negga,Loving,0,,,
2016,2017,89,Best Actor,Casey Affleck,Manchester by the Sea,1,,,
2016,2017,89,Best Director,Kenneth Lonergan,Manchester by the Sea,0,,,
2016,2017,89,Best Picture,"Matt Damon, Kimberly Steward, Chris Moore, Lauren Beck and Kevin J. Walsh, Producers",Manchester by the Sea,0,,,
2016,2017,89,Best Director,Barry Jenkins,Moonlight,0,,,
2016,2017,89,Best Picture,"Adele Romanski, Dede Gardner and Jeremy Kleiner, Producers",Moonlight,1,,,
2017,2018,90,Best Actor,TimothÃ©e Chalamet,Call Me by Your Name,0,,,
2017,2018,90,Best Picture,"Peter Spears, Luca Guadagnino, Emilie Georges and Marco Morabito, Producers",Call Me by Your Name,0,,,
2017,2018,90,Best Actor,Gary Oldman,Darkest Hour,1,,,
2017,2018,90,Best Picture,"Tim Bevan, Eric Fellner, Lisa Bruce, Anthony McCarten and Douglas Urbanski, Producers",Darkest Hour,0,,,
2017,2018,90,Best Director,Christopher Nolan,Dunkirk,0,,,
2017,2018,90,Best Picture,"Emma Thomas and Christopher Nolan, Producers",Dunkirk,0,,,
2017,2018,90,Best Actor,Daniel Kaluuya,Get Out,0,,,
2017,2018,90,Best Director,Jordan Peele,Get Out,0,,,
2017,2018,90,Best Picture,"Sean McKittrick, Jason Blum, Edward H. Hamm Jr. and Jordan Peele, Producers",Get Out,0,,,
2017,2018,90,Best Actress,Margot Robbie,"I, Tonya",0,,,
2017,2018,90,Best Actress,Saoirse Ronan,Lady Bird,0,,,
2017,2018,90,Best Director,Greta Gerwig,Lady Bird,0,,,
2017,2018,90,Best Picture,"Scott Rudin, Eli Bush and Evelyn O'Neill, Producers",Lady Bird,0,,,
2017,2018,90,Best Actor,Daniel Day-Lewis,Phantom Thread,0,,,
2017,2018,90,Best Director,Paul Thomas Anderson,Phantom Thread,0,,,
2017,2018,90,Best Picture,"JoAnne Sellar, Paul Thomas Anderson, Megan Ellison and Daniel Lupi, Producers",Phantom Thread,0,,,
2017,2018,90,Best Actor,Denzel Washington,"Roman J. Israel, Esq.",0,,,
2017,2018,90,Best Actress,Meryl Streep,The Post,0,,,
2017,2018,90,Best Picture,"Amy Pascal, Steven Spielberg and Kristie Macosko Krieger, Producers",The Post,0,,,
2017,2018,90,Best Actress,Sally Hawkins,The Shape of Water,0,,,
2017,2018,90,Best Director,Guillermo del Toro,The Shape of Water,1,,,
2017,2018,90,Best Picture,"Guillermo del Toro and J. Miles Dale, Producers",The Shape of Water,1,,,
2017,2018,90,Best Actress,Frances McDormand,"Three Billboards outside Ebbing, Missouri",1,,,
2017,2018,90,Best Picture,"Graham Broadbent, Pete Czernin and Martin McDonagh, Producers","Three Billboards outside Ebbing, Missouri",0,,,
2018,2019,91,Best Actor,Bradley Cooper,A Star Is Born,0,,,
2018,2019,91,Best Actress,Lady Gaga,A Star Is Born,0,,,
2018,2019,91,Best Picture,"Bill Gerber, Bradley Cooper and Lynette Howell Taylor, Producers",A Star Is Born,0,,,
2018,2019,91,Best Actor,Willem Dafoe,At Eternity's Gate,0,,,
2018,2019,91,Best Picture,"Kevin Feige, Producer",Black Panther,0,,,
2018,2019,91,Best Director,Spike Lee,BlacKkKlansman,0,,,
2018,2019,91,Best Picture,"Sean McKittrick, Jason Blum, Raymond Mansfield, Jordan Peele and Spike Lee, Producers",BlacKkKlansman,0,,,
2018,2019,91,Best Actor,Rami Malek,Bohemian Rhapsody,1,,,
2018,2019,91,Best Picture,"Graham King, Producer",Bohemian Rhapsody,0,,,
2018,2019,91,Best Actress,Melissa McCarthy,Can You Ever Forgive Me?,0,,,
2018,2019,91,Best Director,Pawel Pawlikowski,Cold War,0,,,
2018,2019,91,Best Actor,Viggo Mortensen,Green Book,0,,,
2018,2019,91,Best Picture,"Jim Burke, Charles B. Wessler, Brian Currie, Peter Farrelly and Nick Vallelonga, Producers",Green Book,1,,,
2018,2019,91,Best Actress,Yalitza Aparicio,Roma,0,,,
2018,2019,91,Best Director,Alfonso CuarÃ³n,Roma,1,,,
2018,2019,91,Best Picture,"Gabriela RodrÃ­guez and Alfonso CuarÃ³n, Producers",Roma,0,,,
2018,2019,91,Best Actress,Olivia Colman,The Favourite,1,,,
2018,2019,91,Best Director,Yorgos Lanthimos,The Favourite,0,,,
2018,2019,91,Best Picture,"Ceci Dempsey, Ed Guiney, Lee Magiday and Yorgos Lanthimos, Producers",The Favourite,0,,,
2018,2019,91,Best Actress,Glenn Close,The Wife,0,,,
2018,2019,91,Best Actor,Christian Bale,Vice,0,,,
2018,2019,91,Best Director,Adam McKay,Vice,0,,,
2018,2019,91,Best Picture,"Dede Gardner, Jeremy Kleiner, Adam McKay and Kevin Messick, Producers",Vice,0,,,
2019,2020,92,Best Director,Sam Mendes,1917,0,,,
2019,2020,92,Best Picture,"Sam Mendes, Pippa Harris, Jayne-Ann Tenggren and Callum McDougall, Producers",1917,0,,,
2019,2020,92,Best Actress,Charlize Theron,Bombshell,0,,,
2019,2020,92,Best Picture,"Peter Chernin, Jenno Topping and James Mangold, Producers",Ford v Ferrari,0,,,
2019,2020,92,Best Actress,Cynthia Erivo,Harriet,0,,,
2019,2020,92,Best Picture,"Carthew Neal, Taika Waititi and Chelsea Winstanley, Producers",Jojo Rabbit,0,,,
2019,2020,92,Best Actor,Joaquin Phoenix,Joker,1,,,
2019,2020,92,Best Director,Todd Phillips,Joker,0,,,
2019,2020,92,Best Picture,"Todd Phillips, Bradley Cooper and Emma Tillinger Koskoff, Producers",Joker,0,,,
2019,2020,92,Best Actress,RenÃ©e Zellweger,Judy,1,,,
2019,2020,92,Best Actress,Saoirse Ronan,Little Women,0,,,
2019,2020,92,Best Picture,"Amy Pascal, Producer",Little Women,0,,,
2019,2020,92,Best Actor,Adam Driver,Marriage Story,0,,,
2019,2020,92,Best Actress,Scarlett Johansson,Marriage Story,0,,,
2019,2020,92,Best Picture,"Noah Baumbach and David Heyman, Producers",Marriage Story,0,,,
2019,2020,92,Best Actor,Leonardo DiCaprio,Once upon a Time...in Hollywood,0,,,
2019,2020,92,Best Director,Quentin Tarantino,Once upon a Time...in Hollywood,0,,,
2019,2020,92,Best Picture,"David Heyman, Shannon McIntosh and Quentin Tarantino, Producers",Once upon a Time...in Hollywood,0,,,
2019,2020,92,Best Actor,Antonio Banderas,Pain and Glory,0,,,
2019,2020,92,Best Director,Bong Joon Ho,Parasite,1,,,
2019,2020,92,Best Picture,"Kwak Sin Ae and Bong Joon Ho, Producers",Parasite,1,,,
2019,2020,92,Best Director,Martin Scorsese,The Irishman,0,,,
2019,2020,92,Best Picture,"Martin Scorsese, Robert De Niro, Jane Rosenthal and Emma Tillinger Koskoff, Producers",The Irishman,0,,,
2019,2020,92,Best Actor,Jonathan Pryce,The Two Popes,0,,,
2020,2021,93,Best Director,Thomas Vinterberg,Another Round,0,,,
2020,2021,93,Best Picture,"Shaka King, Charles D. King and Ryan Coogler, Producers",Judas and the Black Messiah,0,,,
2020,2021,93,Best Actor,Chadwick Boseman,Ma Rainey's Black Bottom,0,,,
2020,2021,93,Best Actress,Viola Davis,Ma Rainey's Black Bottom,0,,,
2020,2021,93,Best Actor,Gary Oldman,Mank,0,,,
2020,2021,93,Best Director,David Fincher,Mank,0,,,
2020,2021,93,Best Picture,"CeÃ¡n Chaffin, Eric Roth and Douglas Urbanski, Producers",Mank,0,,,
2020,2021,93,Best Actor,Steven Yeun,Minari,0,,,
2020,2021,93,Best Director,Lee Isaac Chung,Minari,0,,,
2020,2021,93,Best Picture,"Christina Oh, Producer",Minari,0,,,
2020,2021,93,Best Actress,Frances McDormand,Nomadland,1,,,
2020,2021,93,Best Director,ChloÃ© Zhao,Nomadland,1,,,
2020,2021,93,Best Picture,"Frances McDormand, Peter Spears, Mollye Asher, Dan Janvey and ChloÃ© Zhao, Producers",Nomadland,1,,,
2020,2021,93,Best Actress,Vanessa Kirby,Pieces of a Woman,0,,,
2020,2021,93,Best Actress,Carey Mulligan,Promising Young Woman,0,,,
2020,2021,93,Best Director,Emerald Fennell,Promising Young Woman,0,,,
2020,2021,93,Best Picture,"Ben Browning, Ashley Fox, Emerald Fennell and Josey McNamara, Producers",Promising Young Woman,0,,,
2020,2021,93,Best Actor,Riz Ahmed,Sound of Metal,0,,,
2020,2021,93,Best Picture,"Bert Hamelinck and Sacha Ben Harroche, Producers",Sound of Metal,0,,,
2020,2021,93,Best Actor,Anthony Hopkins,The Father,1,,,
2020,2021,93,Best Picture,"David Parfitt, Jean-Louis Livi and Philippe Carcassonne, Producers",The Father,0,,,
2020,2021,93,Best Picture,"Marc Platt and Stuart Besser, Producers",The Trial of the Chicago 7,0,,,
2020,2021,93,Best Actress,Andra Day,The United States vs. Billie Holiday,0,,,
2021,2022,94,Best Actor,Javier Bardem,Being the Ricardos,0,,,
2021,2022,94,Best Actress,Nicole Kidman,Being the Ricardos,0,,,
2021,2022,94,Best Director,Kenneth Branagh,Belfast,0,,,
2021,2022,94,Best Picture,"Laura Berwick, Kenneth Branagh, Becca Kovacik and Tamar Thomas, Producers",Belfast,0,,,
2021,2022,94,Best Picture,"Philippe Rousselet, Fabrice Gianfermi and Patrick Wachsberger, Producers",CODA,1,,,
2021,2022,94,Best Picture,"Adam McKay and Kevin Messick, Producers",Don't Look Up,0,,,
2021,2022,94,Best Director,Ryusuke Hamaguchi,Drive My Car,0,,,
2021,2022,94,Best Picture,"Teruhisa Yamamoto, Producer",Drive My Car,0,,,
2021,2022,94,Best Picture,"Mary Parent, Denis Villeneuve and Cale Boyter, Producers",Dune,0,,,
2021,2022,94,Best Actor,Will Smith,King Richard,1,,,
2021,2022,94,Best Picture,"Tim White, Trevor White and Will Smith, Producers",King Richard,0,,,
2021,2022,94,Best Director,Paul Thomas Anderson,Licorice Pizza,0,,,
2021,2022,94,Best Picture,"Sara Murphy, Adam Somner and Paul Thomas Anderson, Producers",Licorice Pizza,0,,,
2021,2022,94,Best Picture,"Guillermo del Toro, J. Miles Dale and Bradley Cooper, Producers",Nightmare Alley,0,,,
2021,2022,94,Best Actress,PenÃ©lope Cruz,Parallel Mothers,0,,,
2021,2022,94,Best Actress,Kristen Stewart,Spencer,0,,,
2021,2022,94,Best Actress,Jessica Chastain,The Eyes of Tammy Faye,1,,,
2021,2022,94,Best Actress,Olivia Colman,The Lost Daughter,0,,,
2021,2022,94,Best Actor,Benedict Cumberbatch,The Power of the Dog,0,,,
2021,2022,94,Best Director,Jane Campion,The Power of the Dog,1,,,
2021,2022,94,Best Picture,"Jane Campion, Tanya Seghatchian, Emile Sherman, Iain Canning and Roger Frappier, Producers",The Power of the Dog,0,,,
2021,2022,94,Best Actor,Denzel Washington,The Tragedy of Macbeth,0,,,
2021,2022,94,Best Actor,Andrew Garfield,"tick, tick...BOOM!",0,,,
2021,2022,94,Best Director,Steven Spielberg,West Side Story,0,,,
2021,2022,94,Best Picture,"Steven Spielberg and Kristie Macosko Krieger, Producers",West Side Story,0,,,
2022,2023,95,Best Actor,Paul Mescal,Aftersun,0,,,
2022,2023,95,Best Picture,"Malte Grunert, Producer",All Quiet on the Western Front,0,,,
2022,2023,95,Best Picture,"James Cameron and Jon Landau, Producers",Avatar: The Way of Water,0,,,
2022,2023,95,Best Actress,Ana de Armas,Blonde,0,,,
2022,2023,95,Best Actor,Austin Butler,Elvis,0,,,
2022,2023,95,Best Picture,"Baz Luhrmann, Catherine Martin, Gail Berman, Patrick McCormick and Schuyler Weiss, Producers",Elvis,0,,,
2022,2023,95,Best Actress,Michelle Yeoh,Everything Everywhere All at Once,1,,,
2022,2023,95,Best Director,Daniel Kwan and Daniel Scheinert,Everything Everywhere All at Once,1,,,
2022,2023,95,Best Picture,"Daniel Kwan, Daniel Scheinert and Jonathan Wang, Producers",Everything Everywhere All at Once,1,,,
2022,2023,95,Best Actor,Bill Nighy,Living,0,,,
2022,2023,95,Best Actress,Cate Blanchett,TÃ¡r,0,,,
2022,2023,95,Best Director,Todd Field,TÃ¡r,0,,,
2022,2023,95,Best Picture,"Todd Field, Alexandra Milchan and Scott Lambert, Producers",TÃ¡r,0,,,
2022,2023,95,Best Actor,Colin Farrell,The Banshees of Inisherin,0,,,
2022,2023,95,Best Director,Martin McDonagh,The Banshees of Inisherin,0,,,
2022,2023,95,Best Picture,"Graham Broadbent, Pete Czernin and Martin McDonagh, Producers",The Banshees of Inisherin,0,,,
2022,2023,95,Best Actress,Michelle Williams,The Fabelmans,0,,,
2022,2023,95,Best Director,Steven Spielberg,The Fabelmans,0,,,
2022,2023,95,Best Picture,"Kristie Macosko Krieger, Steven Spielberg and Tony Kushner, Producers",The Fabelmans,0,,,
2022,2023,95,Best Actor,Brendan Fraser,The Whale,1,,,
2022,2023,95,Best Actress,Andrea Riseborough,To Leslie,0,,,
2022,2023,95,Best Picture,"Tom Cruise, Christopher McQuarrie, David Ellison and Jerry Bruckheimer, Producers",Top Gun: Maverick,0,,,
2022,2023,95,Best Director,Ruben Ãstlund,Triangle of Sadness,0,,,
2022,2023,95,Best Picture,"Erik Hemmendorff and Philippe Bober, Producers",Triangle of Sadness,0,,,
2022,2023,95,Best Picture,"Dede Gardner, Jeremy Kleiner and Frances McDormand, Producers",Women Talking,0,,,
2023,2024,96,Best Actor,Jeffrey Wright,American Fiction,0,,,
2023,2024,96,Best Picture,"Ben LeClair, Nikos Karamigios, Cord Jefferson and Jermaine Johnson, Producers",American Fiction,0,,,
2023,2024,96,Best Actress,Sandra HÃ¼ller,Anatomy of a Fall,0,,,
2023,2024,96,Best Director,Justine Triet,Anatomy of a Fall,0,,,
2023,2024,96,Best Picture,"Marie-Ange Luciani and David Thion, Producers",Anatomy of a Fall,0,,,
2023,2024,96,Best Picture,"David Heyman, Margot Robbie, Tom Ackerley and Robbie Brenner, Producers",Barbie,0,,,
2023,2024,96,Best Actress,Lily Gladstone,Killers of the Flower Moon,0,,,
2023,2024,96,Best Director,Martin Scorsese,Killers of the Flower Moon,0,,,
2023,2024,96,Best Picture,"Dan Friedkin, Bradley Thomas, Martin Scorsese and Daniel Lupi, Producers",Killers of the Flower Moon,0,,,
2023,2024,96,Best Actor,Bradley Cooper,Maestro,0,,,
2023,2024,96,Best Actress,Carey Mulligan,Maestro,0,,,
2023,2024,96,Best Picture,"Bradley Cooper, Steven Spielberg, Fred Berner, Amy Durning and Kristie Macosko Krieger, Producers",Maestro,0,,,
2023,2024,96,Best Actress,Annette Bening,Nyad,0,,,
2023,2024,96,Best Actor,Cillian Murphy,Oppenheimer,1,,,
2023,2024,96,Best Director,Christopher Nolan,Oppenheimer,1,,,
2023,2024,96,Best Picture,"Emma Thomas, Charles Roven and Christopher Nolan, Producers",Oppenheimer,1,,,
2023,2024,96,Best Picture,"David Hinojosa, Christine Vachon and Pamela Koffler, Producers",Past Lives,0,,,
2023,2024,96,Best Actress,Emma Stone,Poor Things,1,,,
2023,2024,96,Best Director,Yorgos Lanthimos,Poor Things,0,,,
2023,2024,96,Best Picture,"Ed Guiney, Andrew Lowe, Yorgos Lanthimos and Emma Stone, Producers",Poor Things,0,,,
2023,2024,96,Best Actor,Colman Domingo,Rustin,0,,,
2023,2024,96,Best Actor,Paul Giamatti,The Holdovers,0,,,
2023,2024,96,Best Picture,"Mark Johnson, Producer",The Holdovers,0,,,
2023,2024,96,Best Director,Jonathan Glazer,The Zone of Interest,0,,,
2023,2024,96,Best Picture,"James Wilson, Producer",The Zone of Interest,0,,,
2024,2025,97,Best Picture,"Fred Berger, James Mangold, Alex Heineman",A Complete Unknown,0,,,
2024,2025,97,Best Actor,Timothée Chalamet,A Complete Unknown,0,,,
2024,2025,97,Best Director,James Mangold,A Complete Unknown,0,,,
2024,2025,97,Best Picture,"Alex Coco, Samantha Quan, Sean Baker",Anora,1,,,
2024,2025,97,Best Actress,Mikey Madison,Anora,1,,,
2024,2025,97,Best Director,Sean Baker,Anora,1,,,
2024,2025,97,Best Picture,"Tessa Ross, Juliette Howell, Michael Jackman",Conclave,0,,,
2024,2025,97,Best Actor,Ralph Fiennes,Conclave,0,,,
2024,2025,97,Best Picture,"Mary Parent, Cale Boyter, Tanya Lapointe, Denis Villeneuve",Dune: Part Two,0,,,
2024,2025,97,Best Picture,"Pascal Caucheteux, Jacques Audiard",Emilia Pérez,0,,,
2024,2025,97,Best Actress,Karla Sofía Gascón,Emilia Pérez,0,,,
2024,2025,97,Best Director,Jacques Audiard,Emilia Pérez,0,,,
2024,2025,97,Best Picture,"Maria Carlota Bruno, Rodrigo Teixeira",I'm Still Here,0,,,
2024,2025,97,Best Actress,Fernanda Torres,I'm Still Here,0,,,
2024,2025,97,Best Picture,"Dede Gardner, Jeremy Kleiner, Joslyn Barnes",Nickel Boys,0,,,
2024,2025,97,Best Actor,Colman Domingo,Sing Sing,0,,,
2024,2025,97,Best Actor,Sebastian Stan,The Apprentice,0,,,
2024,2025,97,Best Picture,"Brady Corbet, D.J. Gugenheim, Brian Young, Andrew Morrison, Nick Gordon",The Brutalist,0,,,
2024,2025,97,Best Actor,Adrien Brody,The Brutalist,1,,,
2024,2025,97,Best Director,Brady Corbet,The Brutalist,0,,,
2024,2025,97,Best Picture,"Coralie Fargeat, Tim Bevan, Eric Fellner",The Substance,0,,,
2024,2025,97,Best Actress,Demi Moore,The Substance,0,,,
2024,2025,97,Best Director,Coralie Fargeat,The Substance,0,,,
2024,2025,97,Best Picture,Marc Platt,Wicked,0,,,
2024,2025,97,Best Actress,Cynthia Erivo,Wicked,0,,,